registration,year,operator,prefix,manufacturer,
AAC,,NIL,ZK,233,digit-group
ABE,,NIL,ZK,375,digit-group
ABT,,NIL,ZK,248,digit-group
ACH,,NIL,ZK,304,digit-group
ACO,,NIL,ZK,109,digit-group
ADT,,NIL,ZK,304,digit-group
AFO,,NIL,ZK,306,digit-group
AIA,,NIL,ZK,306,digit-group
AJH,,NIL,ZK,306,digit-group
AJP,,NIL,ZK,306,digit-group
AKC,,NIL,ZK,306,digit-group
AKE,,NIL,ZK,550,digit-group
ALI,,NIL,ZK,238,digit-group
ALK,,NIL,ZK,306,digit-group
ALM,,NIL,ZK,306,digit-group
ALT,,NIL,ZK,242,digit-group
AMU,,NIL,ZK,102,digit-group
ANL,,NIL,ZK,306,digit-group
ANQ,,NIL,ZK,306,digit-group
AON,,NIL,ZK,306,digit-group
AOR,,NIL,ZK,306,digit-group
APP,,NIL,ZK,306,digit-group
APS,,NIL,ZK,306,digit-group
APT,,NIL,ZK,307,digit-group
AQB,,NIL,ZK,307,digit-group
ARJ,,NIL,ZK,306,digit-group
ARZ,,NIL,ZK,306,digit-group
ASM,,NIL,ZK,306,digit-group
ASV,,NIL,ZK,306,digit-group
ATC,,NIL,ZK,306,digit-group
ATM,,NIL,ZK,306,digit-group
ATN,,NIL,ZK,306,digit-group
AUE,,NIL,ZK,306,digit-group
AVM,,NIL,ZK,434,digit-group
AWA,,AWK,ZK,160,digit-group
AWK,,AWK,ZK,165,digit-group
AYR,,NIL,ZK,310,digit-group
AZJ,,NIL,ZK,596,digit-group
BAA,,NIL,ZK,306,digit-group
BAH,,NIL,ZK,306,digit-group
BAL,,NIL,ZK,306,digit-group
BAT,,NIL,ZK,306,digit-group
BAZ,,NIL,ZK,601,digit-group
BCZ,,NIL,ZK,306,digit-group
BDL,,NIL,ZK,235,digit-group
BEN,,NIL,ZK,306,digit-group
BER,,NIL,ZK,306,digit-group
BEW,,NIL,ZK,306,digit-group
BFI,,NIL,ZK,306,digit-group
BFQ,,NIL,ZK,235,digit-group
BFS,,NIL,ZK,306,digit-group
BFV,,NIL,ZK,596,digit-group
BHP,,NIL,ZK,242,digit-group
BHT,,NIL,ZK,566,digit-group
BJM,,NIL,ZK,615,digit-group
BJQ,,NIL,ZK,306,digit-group
BJR,,NIL,ZK,306,digit-group
BJT,,NIL,ZK,234,digit-group
BKA,,NIL,ZK,596,digit-group
BKD,,NIL,ZK,596,digit-group
BKH,,NIL,ZK,596,digit-group
BKJ,,NIL,ZK,596,digit-group
BKN,,NIL,ZK,596,digit-group
BLA,,NIL,ZK,598,digit-group
BLE,,NIL,ZK,598,digit-group
BLI,,NIL,ZK,306,digit-group
BLK,,NIL,ZK,306,digit-group
BLM,,NIL,ZK,306,digit-group
BLT,,NIL,ZK,234,digit-group
BLV,,NIL,ZK,306,digit-group
BMW,,NIL,ZK,240,digit-group
BMY,,NIL,ZK,306,digit-group
BNH,,NIL,ZK,596,digit-group
BNJ,,NIL,ZK,596,digit-group
BNL,,NIL,ZK,596,digit-group
BNM,,NIL,ZK,596,digit-group
BNW,,NIL,ZK,596,digit-group
BNX,,NIL,ZK,596,digit-group
BOE,,NIL,ZK,147,digit-group
BOX,,NIL,ZK,596,digit-group
BOY,,NIL,ZK,596,digit-group
BPA,,NIL,ZK,596,digit-group
BPG,,NIL,ZK,596,digit-group
BPI,,NIL,ZK,596,digit-group
BPK,,NIL,ZK,596,digit-group
BPM,,NIL,ZK,596,digit-group
BPQ,,NIL,ZK,235,digit-group
BPT,,NIL,ZK,235,digit-group
BRB,,NIL,ZK,306,digit-group
BRC,,NIL,ZK,306,digit-group
BRL,,NIL,ZK,306,digit-group
BRM,,NIL,ZK,306,digit-group
BRO,,NIL,ZK,596,digit-group
BRP,,NIL,ZK,596,digit-group
BRQ,,NIL,ZK,596,digit-group
BRX,,NIL,ZK,596,digit-group
BRY,,NIL,ZK,596,digit-group
BSF,,NIL,ZK,598,digit-group
BSG,,NIL,ZK,598,digit-group
BSH,,NIL,ZK,598,digit-group
BSN,,NIL,ZK,306,digit-group
BSW,,NIL,ZK,762,digit-group
BTC,,NIL,ZK,596,digit-group
BTH,,NIL,ZK,596,digit-group
BTI,,NIL,ZK,596,digit-group
BUC,,NIL,ZK,402,digit-group
BUF,,NIL,ZK,240,digit-group
BUG,,NIL,ZK,240,digit-group
BUJ,,NIL,ZK,240,digit-group
BUK,,NIL,ZK,242,digit-group
BUQ,,NIL,ZK,240,digit-group
BVG,,NIL,ZK,240,digit-group
BVJ,,NIL,ZK,596,digit-group
BVO,,NIL,ZK,596,digit-group
BVV,,NIL,ZK,240,digit-group
BWL,,NIL,ZK,235,digit-group
BWN,,NIL,ZK,235,digit-group
BWR,,NIL,ZK,147,digit-group
BWS,,NIL,ZK,602,digit-group
BXV,,NIL,ZK,240,digit-group
BYG,,NIL,ZK,235,digit-group
BYI,,NIL,ZK,240,digit-group
BYJ,,NIL,ZK,240,digit-group
BYM,,NIL,ZK,231,digit-group
BZL,,NIL,ZK,595,digit-group
BZP,,NIL,ZK,240,digit-group
BZS,,NIL,ZK,235,digit-group
BZT,,NIL,ZK,235,digit-group
BZU,,NIL,ZK,235,digit-group
BZV,,SRI,ZK,240,digit-group
BZZ,,NIL,ZK,557,digit-group
CAA,,NIL,ZK,235,digit-group
CAH,,NIL,ZK,242,digit-group
CAK,,NIL,ZK,243,digit-group
CAM,,NIL,ZK,608,digit-group
CAN,,NIL,ZK,243,digit-group
CAO,,NIL,ZK,615,digit-group
CAP,,NIL,ZK,235,digit-group
CAT,,NIL,ZK,431,digit-group
CAV,,NIL,ZK,243,digit-group
CBC,,NIL,ZK,242,digit-group
CBF,,NIL,ZK,243,digit-group
CBM,,NIL,ZK,235,digit-group
CBP,,NIL,ZK,586,digit-group
CBS,,NIL,ZK,243,digit-group
CBT,,NIL,ZK,248,digit-group
CBX,,NIL,ZK,557,digit-group
CBZ,,SAV,ZK,235,digit-group
CCD,,NIL,ZK,482,digit-group
CCF,,NIL,ZK,235,digit-group
CCG,,NIL,ZK,479,digit-group
CCH,,NIL,ZK,306,digit-group
CCJ,,NIL,ZK,235,digit-group
CCP,,NIL,ZK,4,digit-group
CCQ,,NIL,ZK,306,digit-group
CCT,,NIL,ZK,811,digit-group
CCV,,NIL,ZK,766,digit-group
CCW,,NIL,ZK,97,digit-group
CDE,,NIL,ZK,557,digit-group
CDF,,NIL,ZK,557,digit-group
CDL,,NIL,ZK,764,digit-group
CDM,,NIL,ZK,243,digit-group
CDR,,NIL,ZK,242,digit-group
CDY,,NIL,ZK,240,digit-group
CEB,,NIL,ZK,602,digit-group
CEH,,NIL,ZK,604,digit-group
CEO,,NIL,ZK,235,digit-group
CEQ,,NIL,ZK,603,digit-group
CES,,NIL,ZK,243,digit-group
CEY,,NIL,ZK,235,digit-group
CFA,,NIL,ZK,434,digit-group
CFC,,NIL,ZK,764,digit-group
CFD,,NIL,ZK,235,digit-group
CFI,,NIL,ZK,243,digit-group
CFY,,NIL,ZK,336,digit-group
CGC,,NIL,ZK,243,digit-group
CGD,,NIL,ZK,242,digit-group
CGE,,NIL,ZK,235,digit-group
CGG,,NIL,ZK,243,digit-group
CGH,,NIL,ZK,243,digit-group
CGI,,NIL,ZK,231,digit-group
CGJ,,NIL,ZK,240,digit-group
CGV,,NIL,ZK,757,digit-group
CGW,,NIL,ZK,115,digit-group
CGX,,NIL,ZK,333,digit-group
CHE,,NIL,ZK,13,digit-group
CHH,,NIL,ZK,231,digit-group
CHI,,NIL,ZK,231,digit-group
CHK,,NIL,ZK,243,digit-group
CHL,,NIL,ZK,243,digit-group
CHM,,NIL,ZK,231,digit-group
CHN,,NIL,ZK,235,digit-group
CHW,,NIL,ZK,479,digit-group
CIA,,NIL,ZK,596,digit-group
CIG,,NIL,ZK,602,digit-group
CIJ,,NIL,ZK,603,digit-group
CIP,,NIL,ZK,603,digit-group
CIQ,,NIL,ZK,602,digit-group
CIR,,CVA,ZK,692,digit-group
CIS,,NIL,ZK,604,digit-group
CIT,,CVA,ZK,692,digit-group
CIV,,NIL,ZK,603,digit-group
CIW,,CVA,ZK,692,digit-group
CIY,,CVA,ZK,692,digit-group
CIZ,,CVA,ZK,692,digit-group
CJG,,NIL,ZK,186,digit-group
CJH,,NIL,ZK,186,digit-group
CJK,,NIL,ZK,186,digit-group
CJL,,NIL,ZK,186,digit-group
CJN,,NIL,ZK,769,digit-group
CJT,,NIL,ZK,813,digit-group
CJU,,NIL,ZK,776,digit-group
CKG,,NIL,ZK,480,digit-group
CKM,,NIL,ZK,557,digit-group
CKO,,NIL,ZK,243,digit-group
CKP,,NIL,ZK,243,digit-group
CKT,,NIL,ZK,243,digit-group
CKX,,NIL,ZK,235,digit-group
CKZ,,NIL,ZK,242,digit-group
CLX,,NIL,ZK,479,digit-group
CME,,NIL,ZK,242,digit-group
CMI,,NIL,ZK,813,digit-group
CMM,,NIL,ZK,550,digit-group
CMS,,NIL,ZK,243,digit-group
CMW,,NIL,ZK,243,digit-group
CNC,,NIL,ZK,602,digit-group
CNR,,NIL,ZK,242,digit-group
CNU,,NIL,ZK,603,digit-group
CNZ,,NIL,ZK,284,digit-group
COA,,NIL,ZK,97,digit-group
COG,,NIL,ZK,596,digit-group
COO,,NIL,ZK,243,digit-group
COX,,NIL,ZK,598,digit-group
CPA,,NIL,ZK,479,digit-group
CPN,,NIL,ZK,757,digit-group
CRB,,NIL,ZK,732,digit-group
CSP,,NIL,ZK,764,digit-group
CSS,,NIL,ZK,292,digit-group
CST,,NIL,ZK,231,digit-group
CSU,,NIL,ZK,235,digit-group
CSW,,NIL,ZK,231,digit-group
CTB,,NIL,ZK,231,digit-group
CTF,,NIL,ZK,231,digit-group
CTQ,,NIL,ZK,235,digit-group
CTY,,NIL,ZK,235,digit-group
CUC,,NIL,ZK,603,digit-group
CUD,,NIL,ZK,603,digit-group
CUE,,NIL,ZK,603,digit-group
CUF,,NIL,ZK,596,digit-group
CUG,,NIL,ZK,603,digit-group
CUK,,NIL,ZK,603,digit-group
CUQ,,NIL,ZK,603,digit-group
CUT,,NIL,ZK,603,digit-group
CUW,,NIL,ZK,603,digit-group
CUY,,NIL,ZK,603,digit-group
CVC,,NIL,ZK,596,digit-group
CWD,,NIL,ZK,235,digit-group
CXB,,NIL,ZK,402,digit-group
CXF,,NIL,ZK,231,digit-group
CXG,,NIL,ZK,231,digit-group
CXH,,NIL,ZK,231,digit-group
CXK,,NIL,ZK,231,digit-group
CXL,,NIL,ZK,231,digit-group
CXM,,NIL,ZK,238,digit-group
CXN,,NIL,ZK,235,digit-group
CXP,,NIL,ZK,235,digit-group
CYA,,NIL,ZK,243,digit-group
CYP,,NIL,ZK,99,digit-group
CYT,,NIL,ZK,601,digit-group
CZB,,NIL,ZK,574,digit-group
CZY,,NIL,ZK,242,digit-group
CZZ,,NIL,ZK,231,digit-group
DAA,,NIL,ZK,601,digit-group
DAD,,NIL,ZK,232,digit-group
DAE,,NIL,ZK,332,digit-group
DAF,,NIL,ZK,330,digit-group
DAH,,NIL,ZK,243,digit-group
DAJ,,NIL,ZK,254,digit-group
DAL,,NIL,ZK,231,digit-group
DAN,,NIL,ZK,238,digit-group
DAS,,NIL,ZK,248,digit-group
DAT,,NIL,ZK,235,digit-group
DAU,,NIL,ZK,235,digit-group
DAV,,NIL,ZK,330,digit-group
DAW,,NIL,ZK,235,digit-group
DAY,,NIL,ZK,235,digit-group
DAZ,,NIL,ZK,235,digit-group
DBA,,NIL,ZK,240,digit-group
DBC,,NIL,ZK,815,digit-group
DBI,,NIL,ZK,385,digit-group
DBX,,NIL,ZK,240,digit-group
DBZ,,NIL,ZK,813,digit-group
DCA,,NIL,ZK,251,digit-group
DCD,,NIL,ZK,242,digit-group
DCJ,,NIL,ZK,242,digit-group
DCP,,NIL,ZK,615,digit-group
DCR,,NIL,ZK,242,digit-group
DDE,,NIL,ZK,764,digit-group
DDG,,NIL,ZK,108,digit-group
DDH,,NIL,ZK,402,digit-group
DDK,,NIL,ZK,238,digit-group
DDL,,NIL,ZK,767,digit-group
DDV,,NIL,ZK,604,digit-group
DDY,,NIL,ZK,769,digit-group
DEA,,NIL,ZK,603,digit-group
DED,,NIL,ZK,603,digit-group
DEE,,NIL,ZK,248,digit-group
DEG,,NIL,ZK,603,digit-group
DEH,,NIL,ZK,603,digit-group
DEI,,NIL,ZK,603,digit-group
DEJ,,NIL,ZK,603,digit-group
DEK,,NIL,ZK,603,digit-group
DEL,,NIL,ZK,603,digit-group
DEM,,NIL,ZK,255,digit-group
DEP,,NIL,ZK,235,digit-group
DEX,,NIL,ZK,235,digit-group
DFB,,NIL,ZK,604,digit-group
DFE,,NIL,ZK,231,digit-group
DFF,,NIL,ZK,242,digit-group
DFG,,NIL,ZK,235,digit-group
DFH,,NIL,ZK,235,digit-group
DFI,,NIL,ZK,235,digit-group
DFM,,NIL,ZK,480,digit-group
DFO,,NIL,ZK,596,digit-group
DFU,,NIL,ZK,238,digit-group
DFX,,NIL,ZK,235,digit-group
DFY,,NIL,ZK,235,digit-group
DGH,,NIL,ZK,603,digit-group
DGI,,NIL,ZK,603,digit-group
DGK,,NIL,ZK,604,digit-group
DGL,,NIL,ZK,603,digit-group
DGN,,NIL,ZK,603,digit-group
DGO,,NIL,ZK,603,digit-group
DGQ,,NIL,ZK,603,digit-group
DHN,,NIL,ZK,235,digit-group
DHQ,,NIL,ZK,235,digit-group
DHV,,NIL,ZK,235,digit-group
DIB,,NIL,ZK,248,digit-group
DIH,,NIL,ZK,238,digit-group
DII,,NIL,ZK,105,digit-group
DIM,,NIL,ZK,332,digit-group
DIW,,NIL,ZK,603,digit-group
DIZ,,NIL,ZK,478,digit-group
DJF,,NIL,ZK,243,digit-group
DJI,,NIL,ZK,603,digit-group
DJM,,NIL,ZK,243,digit-group
DJN,,NIL,ZK,242,digit-group
DJQ,,NIL,ZK,480,digit-group
DJU,,NIL,ZK,235,digit-group
DKB,,NIL,ZK,248,digit-group
DKC,,NIL,ZK,235,digit-group
DKD,,NIL,ZK,235,digit-group
DKE,,NIL,ZK,240,digit-group
DKF,,NIL,ZK,764,digit-group
DKH,,NIL,ZK,235,digit-group
DKJ,,NIL,ZK,243,digit-group
DKM,,NIL,ZK,235,digit-group
DKP,,NIL,ZK,240,digit-group
DLN,,NIL,ZK,603,digit-group
DLY,,NIL,ZK,243,digit-group
DMB,,NIL,ZK,791,digit-group
DMF,,NIL,ZK,617,digit-group
DMG,,NIL,ZK,231,digit-group
DMI,,NIL,ZK,238,digit-group
DMM,,NIL,ZK,402,digit-group
DMW,,NIL,ZK,235,digit-group
DMX,,NIL,ZK,243,digit-group
DMZ,,NIL,ZK,776,digit-group
DNE,,NIL,ZK,603,digit-group
DNO,,NIL,ZK,231,digit-group
DNS,,NIL,ZK,235,digit-group
DNT,,NIL,ZK,235,digit-group
DNU,,NIL,ZK,235,digit-group
DNX,,NIL,ZK,238,digit-group
DNY,,NIL,ZK,231,digit-group
DNZ,,NIL,ZK,242,digit-group
DOB,,NIL,ZK,231,digit-group
DOC,,NIL,ZK,243,digit-group
DOD,,NIL,ZK,240,digit-group
DOF,,NIL,ZK,231,digit-group
DOK,,NIL,ZK,607,digit-group
DOQ,,NIL,ZK,603,digit-group
DOS,,NIL,ZK,603,digit-group
DOV,,NIL,ZK,248,digit-group
DPC,,NIL,ZK,419,digit-group
DPE,,NIL,ZK,243,digit-group
DPF,,NIL,ZK,243,digit-group
DPG,,NIL,ZK,243,digit-group
DPJ,,NIL,ZK,240,digit-group
DPL,,NIL,ZK,231,digit-group
DPM,,NIL,ZK,235,digit-group
DPS,,NIL,ZK,231,digit-group
DPT,,NIL,ZK,109,digit-group
DPY,,NIL,ZK,243,digit-group
DQX,,NIL,ZK,603,digit-group
DRG,,NIL,ZK,240,digit-group
DRH,,NIL,ZK,248,digit-group
DRI,,NIL,ZK,248,digit-group
DRJ,,NIL,ZK,231,digit-group
DRK,,NIL,ZK,402,digit-group
DRM,,NIL,ZK,235,digit-group
DRN,,NIL,ZK,235,digit-group
DRP,,NIL,ZK,235,digit-group
DRQ,,NIL,ZK,235,digit-group
DRS,,NIL,ZK,235,digit-group
DRT,,NIL,ZK,235,digit-group
DRU,,NIL,ZK,238,digit-group
DSH,,NIL,ZK,242,digit-group
DSM,,NIL,ZK,235,digit-group
DSO,,NIL,ZK,243,digit-group
DSR,,NIL,ZK,333,digit-group
DST,,NIL,ZK,235,digit-group
DTQ,,NIL,ZK,231,digit-group
DUK,,NIL,ZK,235,digit-group
DUP,,NIL,ZK,603,digit-group
DUQ,,NIL,ZK,603,digit-group
DUR,,NIL,ZK,816,digit-group
DUX,,NIL,ZK,815,digit-group
DVC,,NIL,ZK,105,digit-group
DVD,,NIL,ZK,106,digit-group
DVG,,NIL,ZK,105,digit-group
DVI,,NIL,ZK,248,digit-group
DWE,,NIL,ZK,243,digit-group
DWG,,NIL,ZK,240,digit-group
DWM,,NIL,ZK,248,digit-group
DWO,,NIL,ZK,235,digit-group
DWU,,NIL,ZK,238,digit-group
DWV,,NIL,ZK,248,digit-group
DWW,,NIL,ZK,243,digit-group
DWX,,NIL,ZK,248,digit-group
DXA,,NIL,ZK,240,digit-group
DXB,,NIL,ZK,240,digit-group
DXC,,NIL,ZK,248,digit-group
DXE,,NIL,ZK,231,digit-group
DXF,,NIL,ZK,235,digit-group
DXG,,NIL,ZK,243,digit-group
DXH,,NIL,ZK,248,digit-group
DXJ,,NIL,ZK,235,digit-group
DXK,,NIL,ZK,235,digit-group
DXL,,NIL,ZK,235,digit-group
DXM,,NIL,ZK,235,digit-group
DXN,,NIL,ZK,235,digit-group
DXQ,,NIL,ZK,235,digit-group
DXV,,NIL,ZK,242,digit-group
DXW,,NIL,ZK,240,digit-group
DXY,,NIL,ZK,235,digit-group
DXZ,,NIL,ZK,248,digit-group
DYH,,NIL,ZK,243,digit-group
DYV,,NIL,ZK,242,digit-group
DZH,,NIL,ZK,248,digit-group
EAA,,NIL,ZK,791,digit-group
EAD,,NIL,ZK,764,digit-group
EAM,,NIL,ZK,333,digit-group
EAN,,NIL,ZK,333,digit-group
EAS,,NIL,ZK,816,digit-group
EAT,,NIL,ZK,248,digit-group
EAZ,,NIL,ZK,764,digit-group
EBF,,NIL,ZK,603,digit-group
EBK,,NIL,ZK,603,digit-group
EBL,,NIL,ZK,603,digit-group
EBO,,NIL,ZK,603,digit-group
EBQ,,NIL,ZK,603,digit-group
EBX,,NIL,ZK,603,digit-group
EBZ,,NIL,ZK,603,digit-group
ECA,,NIL,ZK,654,digit-group
ECI,,OGN,ZK,207,digit-group
ECL,,NIL,ZK,765,digit-group
ECQ,,NIL,ZK,608,digit-group
ECY,,NIL,ZK,603,digit-group
EDG,,NIL,ZK,480,digit-group
EDH,,NIL,ZK,186,digit-group
EDI,,NIL,ZK,248,digit-group
EDJ,,NIL,ZK,108,digit-group
EDM,,NIL,ZK,757,digit-group
EDR,,NIL,ZK,481,digit-group
EDS,,NIL,ZK,107,digit-group
EEJ,,NIL,ZK,240,digit-group
EEO,,NIL,ZK,402,digit-group
EER,,NIL,ZK,480,digit-group
EFA,,NIL,ZK,235,digit-group
EFB,,NIL,ZK,243,digit-group
EFC,,NIL,ZK,231,digit-group
EFD,,NIL,ZK,231,digit-group
EFE,,NIL,ZK,231,digit-group
EFF,,NIL,ZK,235,digit-group
EFH,,NIL,ZK,238,digit-group
EFI,,NIL,ZK,248,digit-group
EFP,,NIL,ZK,603,digit-group
EFY,,NIL,ZK,757,digit-group
EGN,,NIL,ZK,256,digit-group
EHH,,NIL,ZK,235,digit-group
EHL,,NIL,ZK,235,digit-group
EHN,,NIL,ZK,235,digit-group
EHP,,NIL,ZK,231,digit-group
EIB,,NIL,ZK,613,digit-group
EIC,,NIL,ZK,603,digit-group
EIF,,NIL,ZK,604,digit-group
EIP,,NIL,ZK,603,digit-group
EIR,,NIL,ZK,617,digit-group
EIY,,NIL,ZK,617,digit-group
EJA,,NIL,ZK,4,digit-group
EJH,,NIL,ZK,248,digit-group
EJL,,NIL,ZK,244,digit-group
EJM,,NIL,ZK,242,digit-group
EJO,,NIL,ZK,242,digit-group
EJQ,,NIL,ZK,235,digit-group
EJR,,NIL,ZK,235,digit-group
EJS,,NIL,ZK,235,digit-group
EJT,,NIL,ZK,235,digit-group
EJU,,NIL,ZK,235,digit-group
EJY,,NIL,ZK,235,digit-group
EKB,,NIL,ZK,598,digit-group
EKE,,NIL,ZK,235,digit-group
EKG,,NIL,ZK,235,digit-group
EKK,,NIL,ZK,242,digit-group
EKO,,NIL,ZK,764,digit-group
EKP,,NIL,ZK,235,digit-group
ELC,,NIL,ZK,232,digit-group
ELG,,NIL,ZK,765,digit-group
ELH,,NIL,ZK,235,digit-group
ELO,,NIL,ZK,235,digit-group
ELS,,NIL,ZK,232,digit-group
ELT,,NIL,ZK,235,digit-group
ELU,,NIL,ZK,235,digit-group
ELY,,NIL,ZK,235,digit-group
EMD,,NIL,ZK,419,digit-group
EMK,,NIL,ZK,240,digit-group
ENT,,NIL,ZK,248,digit-group
ENV,,NIL,ZK,603,digit-group
ENW,,NIL,ZK,243,digit-group
EOF,,NIL,ZK,235,digit-group
EOG,,NIL,ZK,235,digit-group
EOH,,NIL,ZK,240,digit-group
EOI,,NIL,ZK,235,digit-group
EOK,,NIL,ZK,235,digit-group
EOL,,NIL,ZK,235,digit-group
EOP,,NIL,ZK,248,digit-group
EOS,,NIL,ZK,235,digit-group
EOW,,NIL,ZK,235,digit-group
EOX,,NIL,ZK,235,digit-group
EPM,,NIL,ZK,791,digit-group
EQB,,NIL,ZK,617,digit-group
EQH,,NIL,ZK,617,digit-group
EQQ,,NIL,ZK,604,digit-group
EQV,,NIL,ZK,617,digit-group
EQX,,NIL,ZK,617,digit-group
ERB,,NIL,ZK,596,digit-group
ERK,,NIL,ZK,235,digit-group
ERO,,NIL,ZK,231,digit-group
ERQ,,NIL,ZK,248,digit-group
ERR,,NIL,ZK,234,digit-group
ERT,,NIL,ZK,480,digit-group
ERV,,NIL,ZK,791,digit-group
ERW,,NIL,ZK,235,digit-group
ESG,,NIL,ZK,617,digit-group
ESK,,NIL,ZK,603,digit-group
ESY,,NIL,ZK,815,digit-group
ETA,,NIL,ZK,235,digit-group
ETI,,NIL,ZK,251,digit-group
ETJ,,NIL,ZK,232,digit-group
ETK,,NIL,ZK,235,digit-group
ETL,,NIL,ZK,235,digit-group
ETP,,NIL,ZK,251,digit-group
ETS,,NIL,ZK,232,digit-group
ETT,,NIL,ZK,235,digit-group
ETU,,NIL,ZK,235,digit-group
EVD,,NIL,ZK,617,digit-group
EVE,,NIL,ZK,766,digit-group
EVG,,NIL,ZK,617,digit-group
EVL,,NIL,ZK,617,digit-group
EWA,,NIL,ZK,235,digit-group
EWF,,NIL,ZK,235,digit-group
EWM,,NIL,ZK,815,digit-group
EWZ,,NIL,ZK,235,digit-group
EYA,,NIL,ZK,617,digit-group
EYC,,NIL,ZK,617,digit-group
EYG,,NIL,ZK,617,digit-group
EYH,,NIL,ZK,240,digit-group
EYJ,,NIL,ZK,617,digit-group
EZK,,NIL,ZK,235,digit-group
EZM,,NIL,ZK,604,digit-group
EZX,,NIL,ZK,115,digit-group
EZZ,,NIL,ZK,645,digit-group
FCR,,NIL,ZK,235,digit-group
FCW,,NIL,ZK,235,digit-group
FDC,,NIL,ZK,123,digit-group
FDO,,NIL,ZK,240,digit-group
FDR,,NIL,ZK,123,digit-group
FDS,,NIL,ZK,123,digit-group
FDT,,NIL,ZK,656,digit-group
FEL,,NIL,ZK,603,digit-group
FEO,,NIL,ZK,248,digit-group
FER,,NIL,ZK,284,digit-group
FGB,,NIL,ZK,791,digit-group
FGH,,NIL,ZK,603,digit-group
FGJ,,NIL,ZK,235,digit-group
FGV,,NIL,ZK,235,digit-group
FHQ,,NIL,ZK,603,digit-group
FIG,,NIL,ZK,235,digit-group
FII,,NIL,ZK,235,digit-group
FIS,,NIL,ZK,620,digit-group
FIW,,NIL,ZK,242,digit-group
FIX,,NIL,ZK,603,digit-group
FJB,,NIL,ZK,235,digit-group
FJD,,NIL,ZK,598,digit-group
FJE,,NIL,ZK,235,digit-group
FJN,,NIL,ZK,419,digit-group
FKB,,NIL,ZK,242,digit-group
FLD,,NIL,ZK,813,digit-group
FLF,,NIL,ZK,232,digit-group
FLH,,NIL,ZK,232,digit-group
FLN,,NIL,ZK,816,digit-group
FLO,,NIL,ZK,603,digit-group
FLT,,NIL,ZK,235,digit-group
FMA,,NIL,ZK,243,digit-group
FML,,NIL,ZK,617,digit-group
FMM,,NIL,ZK,587,digit-group
FMN,,NIL,ZK,284,digit-group
FMP,,NIL,ZK,235,digit-group
FNA,,NIL,ZK,603,digit-group
FNB,,NIL,ZK,615,digit-group
FNT,,NIL,ZK,235,digit-group
FNY,,NIL,ZK,295,digit-group
FOR,,NIL,ZK,231,digit-group
FPC,,NIL,ZK,240,digit-group
FPO,,NIL,ZK,248,digit-group
FQQ,,NIL,ZK,603,digit-group
FQY,,NIL,ZK,249,digit-group
FRS,,NIL,ZK,617,digit-group
FRV,,NIL,ZK,811,digit-group
FRY,,NIL,ZK,240,digit-group
FSA,,NIL,ZK,235,digit-group
FSL,,NIL,ZK,232,digit-group
FSP,,NIL,ZK,603,digit-group
FTQ,,NIL,ZK,617,digit-group
FUO,,NIL,ZK,383,digit-group
FWD,,NIL,ZK,815,digit-group
FWS,,NIL,ZK,603,digit-group
FWU,,NIL,ZK,622,digit-group
FXL,,AWK,ZK,160,digit-group
FXM,,NIL,ZK,160,digit-group
FXY,,NIL,ZK,68,digit-group
GBL,,NIL,ZK,705,digit-group
GDM,,NIL,ZK,751,digit-group
GGB,,NIL,ZK,710,digit-group
GJI,,NIL,ZK,710,digit-group
GKW,,NIL,ZK,710,digit-group
GKZ,,NIL,ZK,705,digit-group
GLC,,NIL,ZK,705,digit-group
GLD,,NIL,ZK,705,digit-group
GNW,,NIL,ZK,427,digit-group
GOC,,NIL,ZK,427,digit-group
GOO,,NIL,ZK,705,digit-group
GRA,,NIL,ZK,705,digit-group
GRJ,,NIL,ZK,708,digit-group
GRS,,NIL,ZK,705,digit-group
GRU,,NIL,ZK,710,digit-group
GRX,,NIL,ZK,710,digit-group
GSI,,NIL,ZK,751,digit-group
GTF,,NIL,ZK,708,digit-group
GTJ,,NIL,ZK,705,digit-group
GTR,,NIL,ZK,751,digit-group
GUZ,,NIL,ZK,710,digit-group
GVC,,NIL,ZK,705,digit-group
GVW,,NIL,ZK,705,digit-group
GXZ,,NIL,ZK,708,digit-group
GYJ,,NIL,ZK,708,digit-group
GZF,,NIL,ZK,708,digit-group
GZO,,NIL,ZK,710,digit-group
HAA,,NIL,ZK,359,digit-group
HAD,,NIL,ZK,667,digit-group
HAE,,NIL,ZK,359,digit-group
HAG,,NIL,ZK,668,digit-group
HAI,,NIL,ZK,666,digit-group
HAJ,,NIL,ZK,131,digit-group
HAK,,NIL,ZK,363,digit-group
HAL,,NIL,ZK,131,digit-group
HAM,,NIL,ZK,362,digit-group
HAN,,NIL,ZK,359,digit-group
HAP,,NIL,ZK,363,digit-group
HAR,,NIL,ZK,363,digit-group
HAT,,NIL,ZK,363,digit-group
HAU,,NIL,ZK,545,digit-group
HAV,,NIL,ZK,666,digit-group
HAW,,NIL,ZK,461,digit-group
HAY,,NIL,ZK,461,digit-group
HBA,,NIL,ZK,359,digit-group
HBB,,NIL,ZK,359,digit-group
HBC,,NIL,ZK,359,digit-group
HBE,,NIL,ZK,363,digit-group
HBG,,NIL,ZK,131,digit-group
HBH,,NIL,ZK,34,digit-group
HBI,,NIL,ZK,359,digit-group
HBJ,,NIL,ZK,131,digit-group
HBK,,NIL,ZK,491,digit-group
HBL,,NIL,ZK,457,digit-group
HBM,,NIL,ZK,460,digit-group
HBN,,NIL,ZK,359,digit-group
HBO,,NIL,ZK,131,digit-group
HBP,,NIL,ZK,667,digit-group
HBR,,NIL,ZK,359,digit-group
HBT,,NIL,ZK,359,digit-group
HBW,,NIL,ZK,359,digit-group
HBX,,NIL,ZK,359,digit-group
HBY,,NIL,ZK,461,digit-group
HBZ,,NIL,ZK,364,digit-group
HCA,,NIL,ZK,362,digit-group
HCD,,NIL,ZK,461,digit-group
HCF,,NIL,ZK,666,digit-group
HCG,,NIL,ZK,359,digit-group
HCH,,NIL,ZK,131,digit-group
HCJ,,NIL,ZK,666,digit-group
HCK,,NIL,ZK,667,digit-group
HCL,,NIL,ZK,667,digit-group
HCM,,NIL,ZK,492,digit-group
HCN,,NIL,ZK,359,digit-group
HCO,,NIL,ZK,667,digit-group
HCP,,NIL,ZK,359,digit-group
HCQ,,NIL,ZK,359,digit-group
HCR,,NIL,ZK,667,digit-group
HCS,,NIL,ZK,666,digit-group
HCT,,NIL,ZK,666,digit-group
HCU,,NIL,ZK,666,digit-group
HCY,,NIL,ZK,667,digit-group
HCZ,,NIL,ZK,359,digit-group
HDB,,NIL,ZK,18,digit-group
HDD,,NIL,ZK,359,digit-group
HDE,,NIL,ZK,461,digit-group
HDF,,NIL,ZK,666,digit-group
HDG,,NIL,ZK,359,digit-group
HDH,,NIL,ZK,667,digit-group
HDI,,NIL,ZK,666,digit-group
HDK,,NIL,ZK,18,digit-group
HDL,,NIL,ZK,359,digit-group
HDM,,NIL,ZK,667,digit-group
HDO,,NIL,ZK,359,digit-group
HDP,,NIL,ZK,716,digit-group
HDQ,,NIL,ZK,363,digit-group
HDR,,NIL,ZK,359,digit-group
HDT,,NIL,ZK,666,digit-group
HDU,,NIL,ZK,131,digit-group
HDX,,NIL,ZK,359,digit-group
HDZ,,NIL,ZK,461,digit-group
HEA,,NIL,ZK,363,digit-group
HEB,,NIL,ZK,666,digit-group
HED,,NIL,ZK,666,digit-group
HEE,,NIL,ZK,359,digit-group
HEG,,NIL,ZK,666,digit-group
HEH,,NIL,ZK,131,digit-group
HEI,,NIL,ZK,667,digit-group
HEN,,NIL,ZK,359,digit-group
HEO,,NIL,ZK,667,digit-group
HET,,NIL,ZK,666,digit-group
HEU,,NIL,ZK,460,digit-group
HEV,,NIL,ZK,491,digit-group
HEX,,NIL,ZK,359,digit-group
HEY,,NIL,ZK,666,digit-group
HEZ,,NIL,ZK,667,digit-group
HFA,,NIL,ZK,359,digit-group
HFB,,NIL,ZK,666,digit-group
HFD,,NIL,ZK,716,digit-group
HFE,,NIL,ZK,131,digit-group
HFF,,NIL,ZK,359,digit-group
HFG,,NIL,ZK,667,digit-group
HFH,,NIL,ZK,359,digit-group
HFK,,NIL,ZK,18,digit-group
HFM,,NIL,ZK,666,digit-group
HFN,,NIL,ZK,716,digit-group
HFO,,NIL,ZK,666,digit-group
HFP,,NIL,ZK,667,digit-group
HFQ,,NIL,ZK,19,digit-group
HFR,,NIL,ZK,666,digit-group
HFS,,NIL,ZK,131,digit-group
HFU,,NIL,ZK,666,digit-group
HFV,,NIL,ZK,667,digit-group
HFX,,NIL,ZK,460,digit-group
HFY,,NIL,ZK,666,digit-group
HFZ,,NIL,ZK,359,digit-group
HGB,,NIL,ZK,359,digit-group
HGC,,NIL,ZK,666,digit-group
HGD,,NIL,ZK,131,digit-group
HGE,,NIL,ZK,359,digit-group
HGF,,NIL,ZK,666,digit-group
HGG,,NIL,ZK,716,digit-group
HGH,,NIL,ZK,359,digit-group
HGJ,,NIL,ZK,359,digit-group
HGK,,NIL,ZK,667,digit-group
HGL,,NIL,ZK,667,digit-group
HGM,,NIL,ZK,667,digit-group
HGN,,NIL,ZK,666,digit-group
HGO,,NIL,ZK,359,digit-group
HGQ,,NIL,ZK,363,digit-group
HGS,,NIL,ZK,461,digit-group
HGT,,NIL,ZK,363,digit-group
HGV,,NIL,ZK,359,digit-group
HGW,,NIL,ZK,491,digit-group
HGX,,NIL,ZK,363,digit-group
HGY,,NIL,ZK,131,digit-group
HGZ,,NIL,ZK,667,digit-group
HHC,,NIL,ZK,131,digit-group
HHD,,NIL,ZK,666,digit-group
HHE,,NIL,ZK,460,digit-group
HHG,,NIL,ZK,461,digit-group
HHJ,,NIL,ZK,131,digit-group
HHM,,NIL,ZK,359,digit-group
HHO,,NIL,ZK,461,digit-group
HHP,,NIL,ZK,460,digit-group
HHV,,NIL,ZK,457,digit-group
HHY,,NIL,ZK,461,digit-group
HIA,,NIL,ZK,461,digit-group
HIC,,NIL,ZK,716,digit-group
HID,,NIL,ZK,716,digit-group
HIE,,NIL,ZK,359,digit-group
HIF,,NIL,ZK,359,digit-group
HIH,,NIL,ZK,359,digit-group
HII,,NIL,ZK,362,digit-group
HIJ,,NIL,ZK,363,digit-group
HIK,,NIL,ZK,457,digit-group
HIL,,NIL,ZK,666,digit-group
HIM,,NIL,ZK,716,digit-group
HIN,,NIL,ZK,359,digit-group
HIO,,NIL,ZK,666,digit-group
HIS,,NIL,ZK,460,digit-group
HIT,,NIL,ZK,666,digit-group
HIU,,NIL,ZK,359,digit-group
HIW,,NIL,ZK,667,digit-group
HIX,,NIL,ZK,131,digit-group
HIY,,NIL,ZK,359,digit-group
HIZ,,NIL,ZK,460,digit-group
HJA,,NIL,ZK,363,digit-group
HJB,,NIL,ZK,461,digit-group
HJC,,NIL,ZK,491,digit-group
HJD,,NIL,ZK,667,digit-group
HJE,,NIL,ZK,363,digit-group
HJI,,NIL,ZK,131,digit-group
HJK,,NIL,ZK,491,digit-group
HJL,,NIL,ZK,460,digit-group
HJN,,NIL,ZK,461,digit-group
HJO,,NIL,ZK,461,digit-group
HJP,,NIL,ZK,359,digit-group
HJQ,,NIL,ZK,359,digit-group
HJR,,NIL,ZK,666,digit-group
HJU,,NIL,ZK,362,digit-group
HJV,,NIL,ZK,359,digit-group
HJW,,NIL,ZK,363,digit-group
HKA,,NIL,ZK,359,digit-group
HKB,,NIL,ZK,131,digit-group
HKC,,NIL,ZK,359,digit-group
HKD,,NIL,ZK,667,digit-group
HKE,,NIL,ZK,131,digit-group
HKF,,NIL,ZK,716,digit-group
HKG,,NIL,ZK,131,digit-group
HKI,,NIL,ZK,461,digit-group
HKJ,,NIL,ZK,667,digit-group
HKL,,NIL,ZK,359,digit-group
HKM,,NIL,ZK,667,digit-group
HKN,,NIL,ZK,360,digit-group
HKO,,NIL,ZK,131,digit-group
HKP,,NIL,ZK,667,digit-group
HKR,,NIL,ZK,131,digit-group
HKS,,NIL,ZK,461,digit-group
HKT,,NIL,ZK,359,digit-group
HKU,,NIL,ZK,728,digit-group
HKW,,NIL,ZK,363,digit-group
HKX,,NIL,ZK,363,digit-group
HKZ,,NIL,ZK,491,digit-group
HLA,,NIL,ZK,131,digit-group
HLB,,NIL,ZK,667,digit-group
HLC,,NIL,ZK,666,digit-group
HLF,,NIL,ZK,491,digit-group
HLG,,NIL,ZK,131,digit-group
HLH,,NIL,ZK,504,digit-group
HLI,,NIL,ZK,667,digit-group
HLJ,,NIL,ZK,666,digit-group
HLL,,NIL,ZK,667,digit-group
HLN,,NIL,ZK,491,digit-group
HLO,,NIL,ZK,667,digit-group
HLP,,NIL,ZK,667,digit-group
HLQ,,NIL,ZK,460,digit-group
HLR,,NIL,ZK,460,digit-group
HLS,,NIL,ZK,359,digit-group
HLT,,NIL,ZK,460,digit-group
HLV,,NIL,ZK,667,digit-group
HLW,,NIL,ZK,359,digit-group
HLX,,NIL,ZK,666,digit-group
HLY,,NIL,ZK,667,digit-group
HMA,,NIL,ZK,131,digit-group
HMB,,NIL,ZK,492,digit-group
HME,,NIL,ZK,460,digit-group
HMG,,NIL,ZK,359,digit-group
HMI,,NIL,ZK,716,digit-group
HMJ,,NIL,ZK,131,digit-group
HMK,,NIL,ZK,363,digit-group
HMM,,NIL,ZK,359,digit-group
HMO,,NIL,ZK,716,digit-group
HMP,,NIL,ZK,460,digit-group
HMS,,NIL,ZK,131,digit-group
HMT,,NIL,ZK,461,digit-group
HMV,,NIL,ZK,461,digit-group
HMX,,NIL,ZK,716,digit-group
HMZ,,NIL,ZK,461,digit-group
HNB,,NIL,ZK,359,digit-group
HNC,,NIL,ZK,359,digit-group
HND,,NIL,ZK,359,digit-group
HNE,,NIL,ZK,461,digit-group
HNF,,NIL,ZK,18,digit-group
HNG,,NIL,ZK,668,digit-group
HNJ,,NIL,ZK,461,digit-group
HNK,,NIL,ZK,131,digit-group
HNL,,NIL,ZK,359,digit-group
HNM,,NIL,ZK,460,digit-group
HNO,,NIL,ZK,37,digit-group
HNQ,,NIL,ZK,359,digit-group
HNS,,NIL,ZK,716,digit-group
HNT,,NIL,ZK,461,digit-group
HNU,,NIL,ZK,359,digit-group
HNX,,NIL,ZK,359,digit-group
HNY,,NIL,ZK,131,digit-group
HNZ,,NIL,ZK,37,digit-group
HOC,,NIL,ZK,131,digit-group
HOD,,NIL,ZK,131,digit-group
HOE,,NIL,ZK,460,digit-group
HOF,,NIL,ZK,460,digit-group
HOG,,NIL,ZK,460,digit-group
HOH,,NIL,ZK,667,digit-group
HOI,,NIL,ZK,359,digit-group
HOO,,NIL,ZK,460,digit-group
HOR,,NIL,ZK,460,digit-group
HOT,,NIL,ZK,461,digit-group
HOU,,NIL,ZK,666,digit-group
HOW,,NIL,ZK,667,digit-group
HOY,,NIL,ZK,667,digit-group
HPA,,NIL,ZK,667,digit-group
HPC,,NIL,ZK,131,digit-group
HPD,,NIL,ZK,131,digit-group
HPE,,NIL,ZK,359,digit-group
HPF,,NIL,ZK,460,digit-group
HPG,,NIL,ZK,490,digit-group
HPH,,NIL,ZK,460,digit-group
HPJ,,NIL,ZK,460,digit-group
HPK,,NIL,ZK,131,digit-group
HPL,,NIL,ZK,460,digit-group
HPM,,NIL,ZK,362,digit-group
HPR,,NIL,ZK,667,digit-group
HPS,,NIL,ZK,359,digit-group
HPV,,NIL,ZK,363,digit-group
HPW,,NIL,ZK,131,digit-group
HPY,,NIL,ZK,667,digit-group
HQA,,NIL,ZK,667,digit-group
HQD,,NIL,ZK,359,digit-group
HQF,,NIL,ZK,716,digit-group
HQL,,NIL,ZK,461,digit-group
HQM,,NIL,ZK,666,digit-group
HQQ,,NIL,ZK,359,digit-group
HQR,,NIL,ZK,131,digit-group
HQT,,NIL,ZK,359,digit-group
HQW,,NIL,ZK,461,digit-group
HQY,,NIL,ZK,667,digit-group
HRB,,NIL,ZK,359,digit-group
HRD,,NIL,ZK,666,digit-group
HRE,,NIL,ZK,461,digit-group
HRF,,NIL,ZK,461,digit-group
HRG,,NIL,ZK,460,digit-group
HRH,,NIL,ZK,460,digit-group
HRI,,NIL,ZK,461,digit-group
HRK,,NIL,ZK,359,digit-group
HRL,,NIL,ZK,460,digit-group
HRM,,NIL,ZK,359,digit-group
HRO,,NIL,ZK,667,digit-group
HRQ,,NIL,ZK,359,digit-group
HRR,,NIL,ZK,667,digit-group
HRS,,NIL,ZK,131,digit-group
HRT,,NIL,ZK,667,digit-group
HRU,,NIL,ZK,667,digit-group
HRV,,NIL,ZK,359,digit-group
HRW,,NIL,ZK,460,digit-group
HRY,,NIL,ZK,667,digit-group
HSA,,NIL,ZK,716,digit-group
HSD,,NIL,ZK,461,digit-group
HSE,,NIL,ZK,359,digit-group
HSF,,NIL,ZK,359,digit-group
HSG,,NIL,ZK,461,digit-group
HSH,,NIL,ZK,363,digit-group
HSI,,NIL,ZK,460,digit-group
HSL,,NIL,ZK,131,digit-group
HSM,,NIL,ZK,359,digit-group
HSN,,NIL,ZK,359,digit-group
HSS,,NIL,ZK,359,digit-group
HST,,NIL,ZK,138,digit-group
HSU,,NIL,ZK,667,digit-group
HSV,,NIL,ZK,460,digit-group
HSY,,NIL,ZK,667,digit-group
HSZ,,NIL,ZK,461,digit-group
HTA,,NIL,ZK,364,digit-group
HTD,,NIL,ZK,359,digit-group
HTF,,NIL,ZK,667,digit-group
HTG,,NIL,ZK,667,digit-group
HTH,,NIL,ZK,359,digit-group
HTK,,NIL,ZK,131,digit-group
HTL,,NIL,ZK,359,digit-group
HTM,,NIL,ZK,131,digit-group
HTO,,NIL,ZK,131,digit-group
HTP,,NIL,ZK,492,digit-group
HTQ,,NIL,ZK,504,digit-group
HTS,,NIL,ZK,359,digit-group
HTU,,NIL,ZK,461,digit-group
HTV,,NIL,ZK,362,digit-group
HTW,,NIL,ZK,359,digit-group
HTX,,NIL,ZK,131,digit-group
HTY,,NIL,ZK,667,digit-group
HUB,,NIL,ZK,667,digit-group
HUC,,NIL,ZK,18,digit-group
HUF,,NIL,ZK,667,digit-group
HUG,,NIL,ZK,131,digit-group
HUH,,NIL,ZK,666,digit-group
HUI,,NIL,ZK,666,digit-group
HUK,,NIL,ZK,359,digit-group
HUM,,NIL,ZK,667,digit-group
HUP,,NIL,ZK,491,digit-group
HUQ,,NIL,ZK,360,digit-group
HUS,,NIL,ZK,359,digit-group
HUX,,NIL,ZK,461,digit-group
HUY,,NIL,ZK,140,digit-group
HUZ,,NIL,ZK,461,digit-group
HVC,,NIL,ZK,359,digit-group
HVE,,NIL,ZK,667,digit-group
HVF,,NIL,ZK,131,digit-group
HVH,,NIL,ZK,544,digit-group
HVI,,NIL,ZK,544,digit-group
HVL,,NIL,ZK,667,digit-group
HVM,,NIL,ZK,716,digit-group
HVQ,,NIL,ZK,667,digit-group
HVR,,NIL,ZK,131,digit-group
HVS,,NIL,ZK,666,digit-group
HVT,,NIL,ZK,461,digit-group
HVV,,NIL,ZK,667,digit-group
HVW,,NIL,ZK,544,digit-group
HWD,,NIL,ZK,359,digit-group
HWG,,NIL,ZK,359,digit-group
HWI,,NIL,ZK,131,digit-group
HWK,,NIL,ZK,131,digit-group
HWL,,NIL,ZK,131,digit-group
HWM,,NIL,ZK,544,digit-group
HWN,,NIL,ZK,131,digit-group
HWO,,NIL,ZK,131,digit-group
HWP,,NIL,ZK,667,digit-group
HWQ,,NIL,ZK,131,digit-group
HWR,,NIL,ZK,131,digit-group
HWT,,NIL,ZK,667,digit-group
HWU,,NIL,ZK,666,digit-group
HWW,,NIL,ZK,359,digit-group
HWX,,NIL,ZK,667,digit-group
HXA,,NIL,ZK,667,digit-group
HXB,,NIL,ZK,667,digit-group
HXC,,NIL,ZK,362,digit-group
HXM,,NIL,ZK,491,digit-group
HXO,,NIL,ZK,19,digit-group
HXP,,NIL,ZK,363,digit-group
HXR,,NIL,ZK,667,digit-group
HXS,,NIL,ZK,460,digit-group
HXT,,NIL,ZK,359,digit-group
HXW,,NIL,ZK,140,digit-group
HXY,,NIL,ZK,667,digit-group
HYA,,NIL,ZK,359,digit-group
HYB,,NIL,ZK,363,digit-group
HYD,,NIL,ZK,359,digit-group
HYF,,NIL,ZK,667,digit-group
HYH,,NIL,ZK,131,digit-group
HYM,,NIL,ZK,359,digit-group
HYR,,NIL,ZK,131,digit-group
HYS,,NIL,ZK,18,digit-group
HYV,,NIL,ZK,457,digit-group
HYW,,NIL,ZK,359,digit-group
HYY,,NIL,ZK,359,digit-group
HYZ,,NIL,ZK,359,digit-group
HZA,,NIL,ZK,666,digit-group
HZB,,NIL,ZK,666,digit-group
HZC,,NIL,ZK,460,digit-group
HZD,,NIL,ZK,359,digit-group
HZE,,NIL,ZK,131,digit-group
HZF,,NIL,ZK,716,digit-group
HZH,,NIL,ZK,461,digit-group
HZK,,NIL,ZK,461,digit-group
HZR,,NIL,ZK,461,digit-group
HZS,,NIL,ZK,359,digit-group
HZT,,NIL,ZK,666,digit-group
HZU,,NIL,ZK,18,digit-group
HZW,,NIL,ZK,666,digit-group
HZZ,,NIL,ZK,360,digit-group
IAD,,NIL,ZK,683,digit-group
IAE,,NIL,ZK,359,digit-group
IAG,,NIL,ZK,359,digit-group
IAH,,NIL,ZK,666,digit-group
IAK,,NIL,ZK,356,digit-group
IAN,,NIL,ZK,667,digit-group
IAR,,NIL,ZK,129,digit-group
IAS,,NIL,ZK,359,digit-group
IAV,,NIL,ZK,19,digit-group
IAW,,NIL,ZK,34,digit-group
IAZ,,NIL,ZK,667,digit-group
IBC,,NIL,ZK,359,digit-group
IBD,,NIL,ZK,667,digit-group
IBF,,NIL,ZK,131,digit-group
IBG,,NIL,ZK,363,digit-group
IBI,,NIL,ZK,729,digit-group
IBJ,,NIL,ZK,667,digit-group
IBK,,NIL,ZK,491,digit-group
IBL,,NIL,ZK,359,digit-group
IBM,,NIL,ZK,131,digit-group
IBN,,NIL,ZK,131,digit-group
IBP,,NIL,ZK,131,digit-group
IBQ,,NIL,ZK,359,digit-group
IBR,,NIL,ZK,359,digit-group
IBU,,NIL,ZK,131,digit-group
IBV,,NIL,ZK,359,digit-group
IBW,,NIL,ZK,359,digit-group
IBZ,,NIL,ZK,667,digit-group
ICA,,NIL,ZK,667,digit-group
ICD,,NIL,ZK,18,digit-group
ICE,,NIL,ZK,360,digit-group
ICF,,NIL,ZK,667,digit-group
ICG,,NIL,ZK,729,digit-group
ICH,,NIL,ZK,363,digit-group
ICI,,NIL,ZK,359,digit-group
ICJ,,NIL,ZK,129,digit-group
ICO,,SRI,ZK,131,digit-group
ICP,,NIL,ZK,667,digit-group
ICW,,NIL,ZK,667,digit-group
ICX,,NIL,ZK,359,digit-group
ICZ,,NIL,ZK,359,digit-group
IDA,,NIL,ZK,359,digit-group
IDB,,NIL,ZK,359,digit-group
IDD,,NIL,ZK,461,digit-group
IDE,,NIL,ZK,359,digit-group
IDF,,NIL,ZK,359,digit-group
IDG,,NIL,ZK,131,digit-group
IDI,,NIL,ZK,359,digit-group
IDJ,,NIL,ZK,359,digit-group
IDK,,NIL,ZK,359,digit-group
IDM,,NIL,ZK,359,digit-group
IDN,,NIL,ZK,359,digit-group
IDO,,NIL,ZK,667,digit-group
IDP,,NIL,ZK,667,digit-group
IDQ,,NIL,ZK,359,digit-group
IDR,,NIL,ZK,18,digit-group
IDW,,NIL,ZK,359,digit-group
IDX,,NIL,ZK,359,digit-group
IEA,,NIL,ZK,359,digit-group
IEB,,NIL,ZK,359,digit-group
IED,,NIL,ZK,716,digit-group
IEE,,NIL,ZK,667,digit-group
IEF,,NIL,ZK,667,digit-group
IEH,,NIL,ZK,363,digit-group
IEJ,,NIL,ZK,360,digit-group
IEP,,NIL,ZK,363,digit-group
IEQ,,NIL,ZK,359,digit-group
IER,,NIL,ZK,359,digit-group
IEV,,NIL,ZK,359,digit-group
IEY,,NIL,ZK,359,digit-group
IFG,,NIL,ZK,362,digit-group
IFI,,NIL,ZK,18,digit-group
IFK,,NIL,ZK,667,digit-group
IFS,,NIL,ZK,461,digit-group
IFX,,NIL,ZK,359,digit-group
IFY,,NIL,ZK,491,digit-group
IGE,,NIL,ZK,362,digit-group
IGF,,NIL,ZK,363,digit-group
IGK,,NIL,ZK,667,digit-group
IGM,,NIL,ZK,363,digit-group
IGN,,NIL,ZK,491,digit-group
IGO,,NIL,ZK,359,digit-group
IGP,,NIL,ZK,666,digit-group
IGR,,NIL,ZK,667,digit-group
IGS,,NIL,ZK,491,digit-group
IGT,,NIL,ZK,131,digit-group
IGW,,NIL,ZK,363,digit-group
IGY,,NIL,ZK,359,digit-group
IHB,,NIL,ZK,504,digit-group
IHE,,NIL,ZK,667,digit-group
IHF,,NIL,ZK,360,digit-group
IHJ,,NIL,ZK,667,digit-group
IHO,,NIL,ZK,359,digit-group
IHQ,,NIL,ZK,359,digit-group
IHT,,NIL,ZK,668,digit-group
IHY,,NIL,ZK,359,digit-group
IHZ,,NIL,ZK,363,digit-group
IIC,,NIL,ZK,18,digit-group
IIE,,NIL,ZK,461,digit-group
IIK,,NIL,ZK,131,digit-group
IIL,,NIL,ZK,716,digit-group
IIV,,NIL,ZK,131,digit-group
IIX,,NIL,ZK,491,digit-group
IJA,,NIL,ZK,667,digit-group
IJB,,NIL,ZK,142,digit-group
IJC,,NIL,ZK,131,digit-group
IJD,,NIL,ZK,544,digit-group
IJG,,NIL,ZK,359,digit-group
IJH,,NIL,ZK,131,digit-group
IJJ,,NIL,ZK,683,digit-group
IJK,,NIL,ZK,363,digit-group
IJM,,NIL,ZK,667,digit-group
IJP,,NIL,ZK,667,digit-group
IJR,,NIL,ZK,667,digit-group
IJS,,NIL,ZK,131,digit-group
IJT,,NIL,ZK,667,digit-group
IJX,,NIL,ZK,142,digit-group
IKA,,NIL,ZK,359,digit-group
IKB,,NIL,ZK,667,digit-group
IKF,,NIL,ZK,362,digit-group
IKJ,,NIL,ZK,359,digit-group
IKK,,NIL,ZK,667,digit-group
IKL,,NIL,ZK,461,digit-group
IKS,,NIL,ZK,460,digit-group
IKU,,NIL,ZK,667,digit-group
IKW,,NIL,ZK,359,digit-group
IKY,,NIL,ZK,667,digit-group
ILA,,NIL,ZK,359,digit-group
ILC,,NIL,ZK,667,digit-group
ILF,,NIL,ZK,359,digit-group
ILG,,NIL,ZK,716,digit-group
ILL,,NIL,ZK,359,digit-group
ILM,,NIL,ZK,131,digit-group
ILN,,NIL,ZK,359,digit-group
ILP,,NIL,ZK,359,digit-group
ILR,,NIL,ZK,131,digit-group
ILS,,NIL,ZK,667,digit-group
ILT,,NIL,ZK,359,digit-group
ILX,,NIL,ZK,667,digit-group
ILY,,NIL,ZK,667,digit-group
IMA,,NIL,ZK,666,digit-group
IMC,,NIL,ZK,131,digit-group
IMD,,NIL,ZK,461,digit-group
IME,,NIL,ZK,491,digit-group
IMF,,NIL,ZK,667,digit-group
IMG,,NIL,ZK,460,digit-group
IMH,,NIL,ZK,667,digit-group
IMK,,NIL,ZK,359,digit-group
IMM,,NIL,ZK,666,digit-group
IMN,,NIL,ZK,491,digit-group
IMR,,NIL,ZK,666,digit-group
IMT,,NIL,ZK,461,digit-group
IMV,,NIL,ZK,667,digit-group
IMW,,NIL,ZK,363,digit-group
IMY,,NIL,ZK,359,digit-group
INA,,NIL,ZK,461,digit-group
INB,,NIL,ZK,359,digit-group
INC,,NIL,ZK,667,digit-group
IND,,NIL,ZK,131,digit-group
INE,,NIL,ZK,359,digit-group
INF,,NIL,ZK,359,digit-group
INH,,NIL,ZK,131,digit-group
INL,,NIL,ZK,359,digit-group
INN,,NIL,ZK,362,digit-group
INO,,NIL,ZK,461,digit-group
INP,,NIL,ZK,667,digit-group
INT,,NIL,ZK,359,digit-group
INX,,NIL,ZK,363,digit-group
INZ,,NIL,ZK,461,digit-group
IOA,,NIL,ZK,668,digit-group
IOC,,NIL,ZK,362,digit-group
IOI,,NIL,ZK,131,digit-group
IOJ,,NIL,ZK,359,digit-group
IOK,,NIL,ZK,667,digit-group
IOM,,NIL,ZK,359,digit-group
ION,,NIL,ZK,666,digit-group
IOO,,NIL,ZK,667,digit-group
IOR,,NIL,ZK,359,digit-group
IOX,,NIL,ZK,359,digit-group
IOZ,,NIL,ZK,461,digit-group
IPA,,NIL,ZK,667,digit-group
IPB,,NIL,ZK,140,digit-group
IPC,,NIL,ZK,140,digit-group
IPE,,NIL,ZK,359,digit-group
IPG,,NIL,ZK,359,digit-group
IPH,,NIL,ZK,461,digit-group
IPJ,,NIL,ZK,140,digit-group
IPM,,NIL,ZK,131,digit-group
IPO,,NIL,ZK,363,digit-group
IPP,,NIL,ZK,363,digit-group
IPT,,NIL,ZK,491,digit-group
IPV,,NIL,ZK,363,digit-group
IPW,,NIL,ZK,461,digit-group
IQG,,NIL,ZK,359,digit-group
IQT,,NIL,ZK,362,digit-group
IRA,,NIL,ZK,461,digit-group
IRB,,NIL,ZK,504,digit-group
IRD,,NIL,ZK,491,digit-group
IRF,,NIL,ZK,363,digit-group
IRG,,NIL,ZK,460,digit-group
IRJ,,NIL,ZK,131,digit-group
IRL,,NIL,ZK,131,digit-group
IRO,,NIL,ZK,362,digit-group
IRS,,NIL,ZK,359,digit-group
IRU,,NIL,ZK,491,digit-group
IRW,,NIL,ZK,667,digit-group
ISA,,NIL,ZK,667,digit-group
ISB,,NIL,ZK,666,digit-group
ISG,,NIL,ZK,667,digit-group
ISL,,NIL,ZK,667,digit-group
ISM,,NIL,ZK,131,digit-group
ISP,,NIL,ZK,363,digit-group
ISS,,NIL,ZK,359,digit-group
IST,,NIL,ZK,667,digit-group
ISW,,NIL,ZK,131,digit-group
ISX,,NIL,ZK,666,digit-group
ISZ,,NIL,ZK,363,digit-group
ITA,,NIL,ZK,359,digit-group
ITB,,NIL,ZK,667,digit-group
ITC,,NIL,ZK,362,digit-group
ITH,,NIL,ZK,667,digit-group
ITI,,NIL,ZK,363,digit-group
ITK,,NIL,ZK,131,digit-group
ITL,,NIL,ZK,131,digit-group
ITS,,NIL,ZK,667,digit-group
ITT,,NIL,ZK,667,digit-group
ITW,,NIL,ZK,668,digit-group
ITY,,NIL,ZK,359,digit-group
ITZ,,NIL,ZK,667,digit-group
IUG,,NIL,ZK,363,digit-group
IUH,,NIL,ZK,140,digit-group
IUL,,NIL,ZK,140,digit-group
IUP,,NIL,ZK,363,digit-group
IUS,,NIL,ZK,359,digit-group
IUU,,NIL,ZK,359,digit-group
IUY,,NIL,ZK,59,digit-group
IVA,,NIL,ZK,359,digit-group
IVC,,NIL,ZK,131,digit-group
IVI,,NIL,ZK,131,digit-group
IVJ,,NIL,ZK,363,digit-group
IVL,,NIL,ZK,59,digit-group
IVP,,NIL,ZK,363,digit-group
IVT,,NIL,ZK,363,digit-group
IVV,,NIL,ZK,666,digit-group
IVY,,NIL,ZK,667,digit-group
IWA,,NIL,ZK,131,digit-group
IWB,,NIL,ZK,667,digit-group
IWC,,NIL,ZK,362,digit-group
IWE,,NIL,ZK,359,digit-group
IWF,,NIL,ZK,131,digit-group
IWG,,NIL,ZK,491,digit-group
IWH,,NIL,ZK,667,digit-group
IWI,,NIL,ZK,131,digit-group
IWK,,NIL,ZK,666,digit-group
IWM,,NIL,ZK,131,digit-group
IWN,,NIL,ZK,363,digit-group
IWS,,NIL,ZK,363,digit-group
IWT,,NIL,ZK,667,digit-group
IWV,,NIL,ZK,667,digit-group
IWW,,NIL,ZK,667,digit-group
IWX,,NIL,ZK,461,digit-group
IWY,,NIL,ZK,131,digit-group
IXG,,NIL,ZK,667,digit-group
IXL,,NIL,ZK,131,digit-group
IXP,,NIL,ZK,667,digit-group
IYN,,NIL,ZK,545,digit-group
IYW,,NIL,ZK,18,digit-group
IYY,,NIL,ZK,491,digit-group
IZB,,NIL,ZK,504,digit-group
IZG,,NIL,ZK,362,digit-group
IZI,,NIL,ZK,363,digit-group
IZO,,NIL,ZK,362,digit-group
IZP,,NIL,ZK,18,digit-group
IZW,,NIL,ZK,359,digit-group
IZY,,NIL,ZK,131,digit-group
IZZ,,NIL,ZK,359,digit-group
JAB,,NIL,ZK,478,digit-group
JAC,,NIL,ZK,481,digit-group
JAF,,NIL,ZK,235,digit-group
JAN,,NIL,ZK,765,digit-group
JAS,,NIL,ZK,615,digit-group
JAX,,NIL,ZK,769,digit-group
JAZ,,NIL,ZK,235,digit-group
JBA,,NIL,ZK,235,digit-group
JBL,,NIL,ZK,232,digit-group
JBT,,NIL,ZK,242,digit-group
JBX,,NIL,ZK,617,digit-group
JCB,,NIL,ZK,248,digit-group
JCG,,NIL,ZK,234,digit-group
JCI,,NIL,ZK,235,digit-group
JCJ,,NIL,ZK,220,digit-group
JCS,,NIL,ZK,248,digit-group
JCT,,NIL,ZK,235,digit-group
JCV,,NIL,ZK,242,digit-group
JCW,,NIL,ZK,240,digit-group
JDB,,NIL,ZK,232,digit-group
JDV,,NIL,ZK,248,digit-group
JED,,NIL,ZK,115,digit-group
JEF,,NIL,ZK,235,digit-group
JEM,,NIL,ZK,243,digit-group
JEN,,NIL,ZK,232,digit-group
JET,,NIL,ZK,3,digit-group
JEY,,NIL,ZK,235,digit-group
JEZ,,NIL,ZK,235,digit-group
JFE,,NIL,ZK,617,digit-group
JFG,,NIL,ZK,240,digit-group
JFK,,NIL,ZK,235,digit-group
JFO,,NIL,ZK,231,digit-group
JGA,,NIL,ZK,608,digit-group
JGP,,NIL,ZK,235,digit-group
JGS,,NIL,ZK,568,digit-group
JHC,,NIL,ZK,235,digit-group
JHF,,NIL,ZK,617,digit-group
JHL,,NIL,ZK,670,digit-group
JHO,,NIL,ZK,617,digit-group
JHS,,NIL,ZK,243,digit-group
JHX,,NIL,ZK,813,digit-group
JIB,,NIL,ZK,235,digit-group
JIP,,NIL,ZK,235,digit-group
JJG,,NIL,ZK,287,digit-group
JJV,,NIL,ZK,813,digit-group
JKH,,NIL,ZK,243,digit-group
JKL,,NIL,ZK,243,digit-group
JLB,,NIL,ZK,596,digit-group
JLI,,NIL,ZK,813,digit-group
JLR,,NIL,ZK,242,digit-group
JLZ,,NIL,ZK,815,digit-group
JMC,,NIL,ZK,235,digit-group
JMG,,NIL,ZK,235,digit-group
JMH,,NIL,ZK,240,digit-group
JMP,,NIL,ZK,250,digit-group
JMR,,NIL,ZK,235,digit-group
JMS,,NIL,ZK,248,digit-group
JMY,,NIL,ZK,235,digit-group
JNG,,NIL,ZK,766,digit-group
JNP,,NIL,ZK,235,digit-group
JON,,NIL,ZK,480,digit-group
JOY,,NIL,ZK,242,digit-group
JPC,,NIL,ZK,248,digit-group
JPN,,NIL,ZK,242,digit-group
JPX,,NIL,ZK,813,digit-group
JQA,,NIL,ZK,235,digit-group
JQT,,NIL,ZK,813,digit-group
JRA,,NIL,ZK,235,digit-group
JRF,,NIL,ZK,3,digit-group
JRG,,NIL,ZK,235,digit-group
JRM,,NIL,ZK,815,digit-group
JRS,,NIL,ZK,617,digit-group
JRT,,NIL,ZK,815,digit-group
JRY,,NIL,ZK,242,digit-group
JSB,,NIL,ZK,242,digit-group
JSD,,NIL,ZK,235,digit-group
JSF,,NIL,ZK,235,digit-group
JSG,,NIL,ZK,235,digit-group
JSJ,,OGN,ZK,207,digit-group
JSK,,OGN,ZK,207,digit-group
JSP,,NIL,ZK,235,digit-group
JSS,,NIL,ZK,604,digit-group
JTA,,NIL,ZK,13,digit-group
JTB,,NIL,ZK,767,digit-group
JTC,,NIL,ZK,617,digit-group
JTG,,NIL,ZK,765,digit-group
JTL,,NIL,ZK,228,digit-group
JUG,,NIL,ZK,815,digit-group
JVB,,NIL,ZK,815,digit-group
JVC,,NIL,ZK,617,digit-group
JVG,,NIL,ZK,481,digit-group
JWW,,NIL,ZK,602,digit-group
KAI,,CVA,ZK,248,digit-group
KAL,,NIL,ZK,235,digit-group
KAS,,NIL,ZK,235,digit-group
KAZ,,NIL,ZK,235,digit-group
KCC,,NIL,ZK,603,digit-group
KDB,,NIL,ZK,235,digit-group
KDC,,NIL,ZK,240,digit-group
KDW,,NIL,ZK,769,digit-group
KEA,,NIL,ZK,385,digit-group
KER,,NIL,ZK,765,digit-group
KFA,,NIL,ZK,766,digit-group
KFP,,NIL,ZK,764,digit-group
KHW,,NIL,ZK,242,digit-group
KID,,NIL,ZK,232,digit-group
KII,,NIL,ZK,655,digit-group
KJA,,NIL,ZK,601,digit-group
KJP,,NIL,ZK,480,digit-group
KKQ,,NIL,ZK,774,digit-group
KLA,,NIL,ZK,603,digit-group
KLM,,NIL,ZK,811,digit-group
KMA,,NIL,ZK,764,digit-group
KMC,,NIL,ZK,235,digit-group
KMH,,CVA,ZK,248,digit-group
KNB,,NIL,ZK,480,digit-group
KOL,,NIL,ZK,235,digit-group
KPH,,NIL,ZK,250,digit-group
KPW,,NIL,ZK,248,digit-group
KRA,,CVA,ZK,692,digit-group
KRD,,NIL,ZK,240,digit-group
KRM,,NIL,ZK,240,digit-group
KSS,,NIL,ZK,596,digit-group
KTB,,NIL,ZK,235,digit-group
KTC,,NIL,ZK,233,digit-group
KUB,,NIL,ZK,292,digit-group
KVB,,NIL,ZK,235,digit-group
KVZ,,NIL,ZK,248,digit-group
KYU,,NIL,ZK,596,digit-group
LAD,,NIL,ZK,617,digit-group
LAL,,NIL,ZK,577,digit-group
LAM,,NIL,ZK,596,digit-group
LAO,,NIL,ZK,254,digit-group
LBI,,NIL,ZK,769,digit-group
LCA,,NIL,ZK,269,digit-group
LCH,,NIL,ZK,791,digit-group
LCL,,NIL,ZK,235,digit-group
LDL,,NIL,ZK,402,digit-group
LDW,,NIL,ZK,242,digit-group
LDY,,NIL,ZK,284,digit-group
LEN,,NIL,ZK,235,digit-group
LFA,,NIL,ZK,656,digit-group
LFI,,NIL,ZK,656,digit-group
LFL,,NIL,ZK,656,digit-group
LFP,,NIL,ZK,13,digit-group
LGR,,NIL,ZK,604,digit-group
LGT,,NIL,ZK,65,digit-group
LIT,,NIL,ZK,235,digit-group
LJC,,NIL,ZK,603,digit-group
LJE,,NIL,ZK,603,digit-group
LJG,,NIL,ZK,243,digit-group
LJI,,NIL,ZK,603,digit-group
LJO,,NIL,ZK,603,digit-group
LJT,,NIL,ZK,603,digit-group
LJW,,NIL,ZK,764,digit-group
LJX,,NIL,ZK,603,digit-group
LKM,,NIL,ZK,242,digit-group
LLG,,NIL,ZK,383,digit-group
LLY,,NIL,ZK,767,digit-group
LMA,,NIL,ZK,603,digit-group
LME,,NIL,ZK,791,digit-group
LMW,,NIL,ZK,240,digit-group
LOK,,NIL,ZK,815,digit-group
LQA,,NIL,ZK,235,digit-group
LRA,,NIL,ZK,764,digit-group
LRD,,NIL,ZK,231,digit-group
LSB,,NIL,ZK,815,digit-group
LSF,,NIL,ZK,766,digit-group
LSP,,NIL,ZK,615,digit-group
LTD,,NIL,ZK,608,digit-group
LTF,,NIL,ZK,764,digit-group
LWN,,NIL,ZK,608,digit-group
LYC,,NIL,ZK,604,digit-group
MAA,,NIL,ZK,62,digit-group
MAE,,NIL,ZK,62,digit-group
MAF,,NIL,ZK,248,digit-group
MAG,,NIL,ZK,235,digit-group
MAJ,,NIL,ZK,617,digit-group
MAK,,NIL,ZK,242,digit-group
MAM,,NIL,ZK,813,digit-group
MAP,,NIL,ZK,260,digit-group
MAR,,NIL,ZK,242,digit-group
MAV,,NIL,ZK,235,digit-group
MAW,,NIL,ZK,419,digit-group
MBA,,NIL,ZK,791,digit-group
MBB,,NIL,ZK,791,digit-group
MBI,,NIL,ZK,615,digit-group
MBN,,NIL,ZK,769,digit-group
MBO,,NIL,ZK,621,digit-group
MBU,,NIL,ZK,622,digit-group
MBZ,,NIL,ZK,617,digit-group
MCH,,NIL,ZK,813,digit-group
MCI,,NIL,ZK,250,digit-group
MCL,,NIL,ZK,250,digit-group
MCO,,CVA,ZK,26,digit-group
MCR,,NIL,ZK,243,digit-group
MCU,,CVA,ZK,26,digit-group
MCV,,NIL,ZK,243,digit-group
MDC,,NIL,ZK,123,digit-group
MDL,,NIL,ZK,240,digit-group
MDO,,NIL,ZK,232,digit-group
MDR,,NIL,ZK,235,digit-group
MDV,,NIL,ZK,235,digit-group
MDX,,NIL,ZK,235,digit-group
MDY,,NIL,ZK,243,digit-group
MEB,,NIL,ZK,757,digit-group
MEC,,NIL,ZK,108,digit-group
MEG,,NIL,ZK,766,digit-group
MEJ,,NIL,ZK,598,digit-group
MEY,,NIL,ZK,813,digit-group
MFT,,NIL,ZK,123,digit-group
MGU,,NIL,ZK,242,digit-group
MGW,,NIL,ZK,764,digit-group
MHA,,NIL,ZK,243,digit-group
MHB,,NIL,ZK,243,digit-group
MHL,,NIL,ZK,248,digit-group
MHS,,NIL,ZK,495,digit-group
MIE,,NIL,ZK,615,digit-group
MIF,,NIL,ZK,248,digit-group
MIL,,NIL,ZK,603,digit-group
MIT,,NIL,ZK,243,digit-group
MIZ,,NIL,ZK,815,digit-group
MJB,,NIL,ZK,812,digit-group
MJO,,NIL,ZK,284,digit-group
MJP,,NIL,ZK,242,digit-group
MJY,,NIL,ZK,604,digit-group
MKG,,NIL,ZK,119,digit-group
MKO,,NIL,ZK,284,digit-group
MKW,,NIL,ZK,615,digit-group
MKY,,NIL,ZK,235,digit-group
MLB,,NIL,ZK,622,digit-group
MLN,,NIL,ZK,250,digit-group
MLO,,NIL,ZK,250,digit-group
MLP,,NIL,ZK,248,digit-group
MLQ,,NIL,ZK,250,digit-group
MMG,,NIL,ZK,248,digit-group
MMR,,NIL,ZK,764,digit-group
MPG,,NIL,ZK,622,digit-group
MPL,,NIL,ZK,469,digit-group
MPW,,NIL,ZK,283,digit-group
MRH,,NIL,ZK,242,digit-group
MRL,,NIL,ZK,238,digit-group
MSA,,NIL,ZK,769,digit-group
MSF,,NIL,ZK,250,digit-group
MSL,,NIL,ZK,615,digit-group
MTA,,NIL,ZK,332,digit-group
MTB,,NIL,ZK,332,digit-group
MTC,,NIL,ZK,332,digit-group
MTD,,NIL,ZK,332,digit-group
MTE,,NIL,ZK,332,digit-group
MTF,,NIL,ZK,332,digit-group
MTG,,NIL,ZK,332,digit-group
MTH,,NIL,ZK,332,digit-group
MTI,,NIL,ZK,332,digit-group
MTJ,,NIL,ZK,332,digit-group
MTK,,NIL,ZK,332,digit-group
MTL,,NIL,ZK,332,digit-group
MTM,,NIL,ZK,231,digit-group
MTN,,NIL,ZK,773,digit-group
MTR,,NIL,ZK,333,digit-group
MTS,,NIL,ZK,333,digit-group
MTW,,NIL,ZK,768,digit-group
MTZ,,NIL,ZK,332,digit-group
MUI,,NIL,ZK,242,digit-group
MUM,,NIL,ZK,232,digit-group
MUR,,NIL,ZK,243,digit-group
MVA,,ANZ,ZK,27,digit-group
MVB,,ANZ,ZK,27,digit-group
MVC,,ANZ,ZK,27,digit-group
MVD,,ANZ,ZK,27,digit-group
MVE,,ANZ,ZK,27,digit-group
MVF,,ANZ,ZK,27,digit-group
MVG,,ANZ,ZK,27,digit-group
MVH,,ANZ,ZK,27,digit-group
MVI,,ANZ,ZK,27,digit-group
MVJ,,ANZ,ZK,27,digit-group
MVK,,ANZ,ZK,27,digit-group
MVL,,ANZ,ZK,27,digit-group
MVM,,ANZ,ZK,27,digit-group
MVN,,ANZ,ZK,27,digit-group
MVO,,ANZ,ZK,27,digit-group
MVP,,ANZ,ZK,27,digit-group
MVQ,,ANZ,ZK,27,digit-group
MVR,,ANZ,ZK,27,digit-group
MVS,,NIL,ZK,766,digit-group
MVU,,ANZ,ZK,27,digit-group
MVV,,ANZ,ZK,27,digit-group
MVW,,ANZ,ZK,27,digit-group
MVX,,ANZ,ZK,27,digit-group
MVZ,,ANZ,ZK,27,digit-group
MWC,,NIL,ZK,235,digit-group
MWM,,NIL,ZK,603,digit-group
MYD,,NIL,ZK,13,digit-group
MYF,,NIL,ZK,577,digit-group
MZA,,ANZ,ZK,27,digit-group
MZB,,ANZ,ZK,27,digit-group
MZC,,ANZ,ZK,27,digit-group
MZD,,ANZ,ZK,27,digit-group
MZE,,ANZ,ZK,27,digit-group
MZF,,ANZ,ZK,27,digit-group
MZG,,ANZ,ZK,27,digit-group
MZH,,ANZ,ZK,27,digit-group
MZP,,NIL,ZK,813,digit-group
NAG,,NIL,ZK,232,digit-group
NAH,,NIL,ZK,621,digit-group
NAZ,,NIL,ZK,109,digit-group
NEN,,NIL,ZK,811,digit-group
NEV,,NIL,ZK,640,digit-group
NFJ,,NIL,ZK,235,digit-group
NHA,,ANZ,ZK,47,digit-group
NHB,,ANZ,ZK,47,digit-group
NHC,,ANZ,ZK,47,digit-group
NHD,,ANZ,ZK,47,digit-group
NHE,,ANZ,ZK,47,digit-group
NHF,,ANZ,ZK,47,digit-group
NJS,,NIL,ZK,383,digit-group
NJT,,NIL,ZK,617,digit-group
NJV,,NIL,ZK,479,digit-group
NMK,,NIL,ZK,577,digit-group
NML,,NIL,ZK,242,digit-group
NNA,,ANZ,ZK,49,digit-group
NNB,,ANZ,ZK,49,digit-group
NNC,,ANZ,ZK,49,digit-group
NND,,ANZ,ZK,49,digit-group
NNE,,ANZ,ZK,49,digit-group
NNF,,ANZ,ZK,49,digit-group
NNG,,ANZ,ZK,49,digit-group
NNH,,ANZ,ZK,49,digit-group
NNI,,ANZ,ZK,49,digit-group
NOK,,NIL,ZK,248,digit-group
NPC,,NIL,ZK,242,digit-group
NPF,,NIL,ZK,235,digit-group
NPH,,NIL,ZK,232,digit-group
NPR,,NIL,ZK,608,digit-group
NPS,,NIL,ZK,766,digit-group
NRC,,NIL,ZK,243,digit-group
NSA,,NIL,ZK,232,digit-group
NSC,,NIL,ZK,232,digit-group
NSE,,NIL,ZK,235,digit-group
NSL,,NIL,ZK,764,digit-group
NTO,,NIL,ZK,419,digit-group
NTV,,NIL,ZK,607,digit-group
NUT,,NIL,ZK,66,digit-group
NVC,,NIL,ZK,248,digit-group
NVY,,NIL,ZK,815,digit-group
NWH,,NIL,ZK,243,digit-group
NYA,,NIL,ZK,769,digit-group
NYF,,NIL,ZK,769,digit-group
NYG,,NIL,ZK,769,digit-group
NYH,,NIL,ZK,769,digit-group
NYI,,NIL,ZK,769,digit-group
NYJ,,NIL,ZK,769,digit-group
NYK,,NIL,ZK,769,digit-group
NYL,,NIL,ZK,769,digit-group
NYM,,NIL,ZK,769,digit-group
NYN,,NIL,ZK,769,digit-group
NYO,,NIL,ZK,769,digit-group
NYP,,NIL,ZK,769,digit-group
NYQ,,NIL,ZK,769,digit-group
NYR,,NIL,ZK,769,digit-group
NYS,,NIL,ZK,769,digit-group
NYT,,NIL,ZK,769,digit-group
NYU,,NIL,ZK,769,digit-group
NYV,,NIL,ZK,769,digit-group
NYW,,NIL,ZK,769,digit-group
NYX,,NIL,ZK,769,digit-group
NYY,,NIL,ZK,769,digit-group
NYZ,,NIL,ZK,769,digit-group
NZC,,ANZ,ZK,183,digit-group
NZD,,ANZ,ZK,183,digit-group
NZE,,ANZ,ZK,183,digit-group
NZF,,ANZ,ZK,183,digit-group
NZG,,ANZ,ZK,183,digit-group
NZH,,ANZ,ZK,183,digit-group
NZI,,ANZ,ZK,183,digit-group
NZJ,,ANZ,ZK,183,digit-group
NZK,,ANZ,ZK,183,digit-group
NZL,,ANZ,ZK,183,digit-group
NZM,,ANZ,ZK,183,digit-group
NZN,,ANZ,ZK,183,digit-group
NZO,,NIL,ZK,250,digit-group
NZQ,,ANZ,ZK,183,digit-group
NZR,,ANZ,ZK,183,digit-group
OAC,,NIL,ZK,769,digit-group
OAD,,NIL,ZK,242,digit-group
OAJ,,NIL,ZK,764,digit-group
OBH,,NIL,ZK,813,digit-group
OCB,,NIL,ZK,303,digit-group
OCC,,NIL,ZK,234,digit-group
OFC,,NIL,ZK,242,digit-group
OGX,,NIL,ZK,765,digit-group
OKM,,ANZ,ZK,182,digit-group
OKN,,ANZ,ZK,182,digit-group
OKO,,ANZ,ZK,182,digit-group
OKP,,ANZ,ZK,182,digit-group
OKQ,,ANZ,ZK,182,digit-group
OKR,,ANZ,ZK,182,digit-group
OKS,,ANZ,ZK,182,digit-group
OKV,,ANZ,ZK,182,digit-group
OKW,,ANZ,ZK,182,digit-group
OLI,,NIL,ZK,115,digit-group
OMA,,NIL,ZK,419,digit-group
OMR,,NIL,ZK,235,digit-group
ONO,,NIL,ZK,813,digit-group
OPT,,NIL,ZK,791,digit-group
ORN,,NIL,ZK,479,digit-group
ORZ,,NIL,ZK,622,digit-group
OSL,,NIL,ZK,111,digit-group
OSO,,NIL,ZK,815,digit-group
OWL,,NIL,ZK,481,digit-group
OWN,,NIL,ZK,235,digit-group
OYA,,ANZ,ZK,49,digit-group
OYB,,ANZ,ZK,49,digit-group
OYC,,ANZ,ZK,49,digit-group
OYD,,ANZ,ZK,49,digit-group
OYE,,ANZ,ZK,49,digit-group
PAB,,NIL,ZK,764,digit-group
PAD,,NIL,ZK,617,digit-group
PAF,,NIL,ZK,617,digit-group
PAK,,AWK,ZK,160,digit-group
PAL,,NIL,ZK,598,digit-group
PAM,,NIL,ZK,235,digit-group
PAQ,,AWK,ZK,160,digit-group
PAT,,AWK,ZK,160,digit-group
PAU,,AWK,ZK,160,digit-group
PBC,,NIL,ZK,292,digit-group
PBR,,NIL,ZK,284,digit-group
PCR,,NIL,ZK,598,digit-group
PDM,,SDA,ZK,250,digit-group
PDR,,NIL,ZK,284,digit-group
PDZ,,NIL,ZK,250,digit-group
PFL,,NIL,ZK,764,digit-group
PGU,,NIL,ZK,284,digit-group
PHD,,NIL,ZK,655,digit-group
PHN,,NIL,ZK,354,digit-group
PHW,,NIL,ZK,773,digit-group
PHZ,,NIL,ZK,306,digit-group
PJB,,NIL,ZK,248,digit-group
PJC,,NIL,ZK,242,digit-group
PJS,,NIL,ZK,147,digit-group
PKD,,NIL,ZK,240,digit-group
PKM,,NIL,ZK,240,digit-group
PKR,,NIL,ZK,238,digit-group
PLB,,SDA,ZK,591,digit-group
PLK,,NIL,ZK,123,digit-group
PLR,,NIL,ZK,773,digit-group
PLT,,SDA,ZK,591,digit-group
PMC,,NIL,ZK,601,digit-group
PMJ,,NIL,ZK,656,digit-group
PNB,,NIL,ZK,732,digit-group
PNE,,NIL,ZK,602,digit-group
PPA,,NIL,ZK,602,digit-group
PPG,,NIL,ZK,765,digit-group
PPK,,NIL,ZK,383,digit-group
PRM,,NIL,ZK,243,digit-group
PSC,,NIL,ZK,596,digit-group
PSH,,NIL,ZK,478,digit-group
PVA,,NIL,ZK,109,digit-group
PVB,,NIL,ZK,677,digit-group
PVC,,NIL,ZK,260,digit-group
PVP,,NIL,ZK,99,digit-group
PWH,,NIL,ZK,766,digit-group
PZN,,NIL,ZK,640,digit-group
RAD,,NIL,ZK,240,digit-group
RAE,,NIL,ZK,681,digit-group
RAF,,NIL,ZK,681,digit-group
RAR,,NIL,ZK,681,digit-group
RCM,,NIL,ZK,813,digit-group
RCO,,NIL,ZK,681,digit-group
RCS,,NIL,ZK,681,digit-group
RDJ,,NIL,ZK,242,digit-group
RDT,,NIL,ZK,355,digit-group
RED,,NIL,ZK,655,digit-group
REN,,NIL,ZK,240,digit-group
RFR,,NIL,ZK,390,digit-group
RGA,,NIL,ZK,764,digit-group
RGC,,NIL,ZK,764,digit-group
RGE,,NIL,ZK,764,digit-group
RGZ,,NIL,ZK,242,digit-group
RHO,,NIL,ZK,791,digit-group
RIK,,NIL,ZK,242,digit-group
RIZ,,NIL,ZK,518,digit-group
RJB,,NIL,ZK,244,digit-group
RJF,,NIL,ZK,766,digit-group
RJG,,NIL,ZK,235,digit-group
RJH,,NIL,ZK,240,digit-group
RJK,,NIL,ZK,402,digit-group
RJR,,NIL,ZK,764,digit-group
RJS,,NIL,ZK,147,digit-group
RKN,,NIL,ZK,235,digit-group
RLG,,NIL,ZK,242,digit-group
RLM,,NIL,ZK,248,digit-group
RLS,,NIL,ZK,765,digit-group
RMB,,NIL,ZK,232,digit-group
RMU,,NIL,ZK,419,digit-group
RMX,,NIL,ZK,235,digit-group
RMZ,,NIL,ZK,108,digit-group
RNG,,NIL,ZK,313,digit-group
RNJ,,NIL,ZK,765,digit-group
RNK,,NIL,ZK,774,digit-group
RNT,,NIL,ZK,109,digit-group
RNX,,NIL,ZK,235,digit-group
ROB,,NIL,ZK,765,digit-group
ROC,,NIL,ZK,615,digit-group
ROE,,NIL,ZK,622,digit-group
ROG,,NIL,ZK,242,digit-group
ROK,,NIL,ZK,250,digit-group
ROL,,NIL,ZK,243,digit-group
ROW,,NIL,ZK,269,digit-group
RPG,,NIL,ZK,518,digit-group
RPM,,NIL,ZK,248,digit-group
RRG,,NIL,ZK,767,digit-group
RRR,,NIL,ZK,518,digit-group
RSB,,NIL,ZK,480,digit-group
RSG,,NIL,ZK,240,digit-group
RSQ,,NIL,ZK,656,digit-group
RTA,,NIL,ZK,431,digit-group
RTI,,NIL,ZK,810,digit-group
RTM,,NIL,ZK,766,digit-group
RWD,,NIL,ZK,764,digit-group
RWS,,NIL,ZK,602,digit-group
RXC,,NIL,ZK,518,digit-group
RXD,,NIL,ZK,278,digit-group
RXX,,NIL,ZK,518,digit-group
RZB,,NIL,ZK,813,digit-group
SAA,,SDA,ZK,250,digit-group
SAL,,NIL,ZK,773,digit-group
SAN,,SDA,ZK,250,digit-group
SAR,,NIL,ZK,242,digit-group
SAY,,SDA,ZK,250,digit-group
SBB,,NIL,ZK,242,digit-group
SBL,,NIL,ZK,235,digit-group
SCB,,NIL,ZK,240,digit-group
SCC,,NIL,ZK,815,digit-group
SCD,,NIL,ZK,766,digit-group
SCH,,NIL,ZK,292,digit-group
SCJ,,NIL,ZK,481,digit-group
SCM,,NIL,ZK,791,digit-group
SDB,,NIL,ZK,250,digit-group
SDC,,GBA,ZK,250,digit-group
SDD,,GBA,ZK,250,digit-group
SDE,,GBA,ZK,250,digit-group
SDG,,GBA,ZK,250,digit-group
SDH,,NIL,ZK,656,digit-group
SDX,,NIL,ZK,242,digit-group
SFC,,NIL,ZK,615,digit-group
SGH,,NIL,ZK,242,digit-group
SGT,,NIL,ZK,741,digit-group
SGW,,NIL,ZK,235,digit-group
SHB,,NIL,ZK,333,digit-group
SIA,,NIL,ZK,243,digit-group
SIO,,NIL,ZK,654,digit-group
SIT,,NIL,ZK,345,digit-group
SJF,,NIL,ZK,764,digit-group
SJG,,NIL,ZK,598,digit-group
SJK,,NIL,ZK,234,digit-group
SJS,,NIL,ZK,766,digit-group
SKA,,NIL,ZK,250,digit-group
SKB,,NIL,ZK,250,digit-group
SKC,,NIL,ZK,233,digit-group
SKD,,NIL,ZK,243,digit-group
SKL,,NIL,ZK,119,digit-group
SKW,,NIL,ZK,243,digit-group
SKZ,,NIL,ZK,248,digit-group
SLA,,NIL,ZK,250,digit-group
SLB,,NIL,ZK,250,digit-group
SLH,,NIL,ZK,479,digit-group
SLL,,NIL,ZK,242,digit-group
SLM,,NIL,ZK,240,digit-group
SLO,,NIL,ZK,815,digit-group
SLP,,NIL,ZK,613,digit-group
SLR,,NIL,ZK,478,digit-group
SLT,,NIL,ZK,235,digit-group
SLY,,NIL,ZK,773,digit-group
SMB,,NIL,ZK,791,digit-group
SME,,NIL,ZK,243,digit-group
SMI,,NIL,ZK,115,digit-group
SMP,,NIL,ZK,235,digit-group
SMS,,NIL,ZK,243,digit-group
SNE,,NIL,ZK,603,digit-group
SPD,,NIL,ZK,813,digit-group
SPN,,NIL,ZK,664,digit-group
SPT,,NIL,ZK,757,digit-group
SPY,,NIL,ZK,248,digit-group
SRC,,NIL,ZK,608,digit-group
SRF,,NIL,ZK,813,digit-group
SRG,,NIL,ZK,766,digit-group
SRI,,SRI,ZK,250,digit-group
SRP,,NIL,ZK,813,digit-group
SRZ,,NIL,ZK,774,digit-group
SSA,,NIL,ZK,306,digit-group
SSF,,NIL,ZK,813,digit-group
SSP,,NIL,ZK,284,digit-group
SSU,,NIL,ZK,3,digit-group
STA,,NIL,ZK,478,digit-group
STC,,NIL,ZK,242,digit-group
STE,,NIL,ZK,815,digit-group
STG,,NIL,ZK,773,digit-group
STK,,NIL,ZK,815,digit-group
STL,,NIL,ZK,815,digit-group
STM,,NIL,ZK,147,digit-group
STV,,NIL,ZK,265,digit-group
SUG,,NIL,ZK,602,digit-group
SUY,,NIL,ZK,248,digit-group
SVI,,NIL,ZK,261,digit-group
SVQ,,NIL,ZK,260,digit-group
SVT,,NIL,ZK,765,digit-group
SWB,,NIL,ZK,813,digit-group
SWC,,NIL,ZK,231,digit-group
SWG,,NIL,ZK,603,digit-group
SWJ,,NIL,ZK,654,digit-group
SWL,,NIL,ZK,621,digit-group
SWP,,NIL,ZK,598,digit-group
SWW,,NIL,ZK,813,digit-group
SWX,,NIL,ZK,235,digit-group
SWY,,NIL,ZK,68,digit-group
SWZ,,NIL,ZK,68,digit-group
SXB,,NIL,ZK,116,digit-group
SXC,,NIL,ZK,62,digit-group
SXG,,NIL,ZK,62,digit-group
SXM,,NIL,ZK,62,digit-group
SXN,,NIL,ZK,62,digit-group
SXP,,NIL,ZK,62,digit-group
SXT,,NIL,ZK,62,digit-group
SZC,,NIL,ZK,242,digit-group
TAA,,NIL,ZK,232,digit-group
TAB,,NIL,ZK,235,digit-group
TAI,,NIL,ZK,235,digit-group
TAR,,NIL,ZK,235,digit-group
TAW,,NIL,ZK,617,digit-group
TAY,,NIL,ZK,232,digit-group
TBJ,,NIL,ZK,764,digit-group
TBK,,NIL,ZK,766,digit-group
TBN,,NIL,ZK,235,digit-group
TBT,,NIL,ZK,769,digit-group
TCE,,NIL,ZK,454,digit-group
TCM,,NIL,ZK,764,digit-group
TCN,,NIL,ZK,770,digit-group
TCP,,NIL,ZK,577,digit-group
TCS,,NIL,ZK,4,digit-group
TDL,,NIL,ZK,617,digit-group
TDO,,NIL,ZK,248,digit-group
TEB,,NIL,ZK,765,digit-group
TEC,,NIL,ZK,238,digit-group
TEK,,NIL,ZK,765,digit-group
TEO,,NIL,ZK,231,digit-group
TES,,NIL,ZK,764,digit-group
TEX,,NIL,ZK,103,digit-group
TFD,,NIL,ZK,604,digit-group
TFP,,NIL,ZK,791,digit-group
TFS,,NIL,ZK,235,digit-group
TGA,,NIL,ZK,147,digit-group
TGF,,NIL,ZK,604,digit-group
TGN,,NIL,ZK,568,digit-group
TGT,,NIL,ZK,764,digit-group
THA,,NIL,ZK,764,digit-group
THB,,NIL,ZK,235,digit-group
THG,,NIL,ZK,622,digit-group
TIA,,NIL,ZK,815,digit-group
TIE,,NIL,ZK,232,digit-group
TIT,,NIL,ZK,815,digit-group
TJH,,NIL,ZK,665,digit-group
TJL,,NIL,ZK,235,digit-group
TJS,,NIL,ZK,764,digit-group
TJT,,NIL,ZK,769,digit-group
TKA,,NIL,ZK,813,digit-group
TLG,,NIL,ZK,765,digit-group
TLL,,AWK,ZK,160,digit-group
TLM,,AWK,ZK,160,digit-group
TLO,,NIL,ZK,243,digit-group
TLS,,NIL,ZK,764,digit-group
TLT,,NIL,ZK,769,digit-group
TLV,,NIL,ZK,243,digit-group
TMC,,NIL,ZK,813,digit-group
TMT,,NIL,ZK,768,digit-group
TNM,,NIL,ZK,767,digit-group
TNZ,,NIL,ZK,764,digit-group
TOK,,NIL,ZK,231,digit-group
TOP,,NIL,ZK,771,digit-group
TOR,,NIL,ZK,235,digit-group
TPO,,NIL,ZK,602,digit-group
TPT,,NIL,ZK,769,digit-group
TPV,,NIL,ZK,568,digit-group
TRC,,NIL,ZK,109,digit-group
TRD,,NIL,ZK,764,digit-group
TRG,,NIL,ZK,764,digit-group
TRO,,NIL,ZK,251,digit-group
TRS,,NIL,ZK,235,digit-group
TSC,,NIL,ZK,765,digit-group
TSD,,NIL,ZK,615,digit-group
TSI,,NIL,ZK,767,digit-group
TSM,,NIL,ZK,240,digit-group
TSP,,NIL,ZK,791,digit-group
TST,,NIL,ZK,766,digit-group
TTC,,NIL,ZK,332,digit-group
TTS,,NIL,ZK,250,digit-group
TUA,,NIL,ZK,240,digit-group
TVB,,NIL,ZK,766,digit-group
TVT,,NIL,ZK,768,digit-group
TWM,,NIL,ZK,604,digit-group
TWN,,NIL,ZK,768,digit-group
TWR,,NIL,ZK,617,digit-group
TWT,,NIL,ZK,231,digit-group
TWZ,,NIL,ZK,243,digit-group
TXA,,TNZ,ZK,165,digit-group
TXB,,TNZ,ZK,165,digit-group
TXC,,TNZ,ZK,165,digit-group
TXD,,TNZ,ZK,165,digit-group
TXE,,TNZ,ZK,165,digit-group
TXF,,TNZ,ZK,165,digit-group
TXG,,NIL,ZK,664,digit-group
TXP,,NIL,ZK,235,digit-group
TXT,,NIL,ZK,232,digit-group
TYT,,NIL,ZK,769,digit-group
TZB,,NIL,ZK,662,digit-group
TZM,,NIL,ZK,68,digit-group
TZN,,NIL,ZK,68,digit-group
TZO,,NIL,ZK,615,digit-group
TZR,,NIL,ZK,235,digit-group
TZS,,NIL,ZK,766,digit-group
TZV,,NIL,ZK,665,digit-group
TZW,,NIL,ZK,663,digit-group
TZZ,,NIL,ZK,577,digit-group
UCR,,NIL,ZK,596,digit-group
UDY,,NIL,ZK,811,digit-group
UFS,,NIL,ZK,603,digit-group
UNB,,NIL,ZK,232,digit-group
UPS,,NIL,ZK,603,digit-group
USA,,NIL,ZK,147,digit-group
USN,,NIL,ZK,147,digit-group
UWE,,NIL,ZK,235,digit-group
VAM,,NIL,ZK,312,digit-group
VAU,,NIL,ZK,3,digit-group
VAW,,NIL,ZK,13,digit-group
VAX,,NIL,ZK,662,digit-group
VBA,,NIL,ZK,345,digit-group
VBM,,NIL,ZK,617,digit-group
VCA,,NIL,ZK,68,digit-group
VCC,,NIL,ZK,68,digit-group
VCD,,NIL,ZK,68,digit-group
VCE,,NIL,ZK,68,digit-group
VCF,,NIL,ZK,68,digit-group
VCT,,NIL,ZK,235,digit-group
VGT,,NIL,ZK,791,digit-group
VHC,,NIL,ZK,13,digit-group
VIR,,NIL,ZK,252,digit-group
VKE,,NIL,ZK,243,digit-group
VKG,,NIL,ZK,816,digit-group
VLK,,NIL,ZK,4,digit-group
VLW,,NIL,ZK,13,digit-group
VMA,,NIL,ZK,284,digit-group
VMS,,NIL,ZK,771,digit-group
VNE,,NIL,ZK,242,digit-group
VQM,,NIL,ZK,613,digit-group
VQU,,NIL,ZK,248,digit-group
VRR,,NIL,ZK,109,digit-group
VSH,,NIL,ZK,791,digit-group
VTE,,NIL,ZK,764,digit-group
VXM,,NIL,ZK,269,digit-group
VXN,,NIL,ZK,13,digit-group
VZM,,NIL,ZK,248,digit-group
WAA,,NIL,ZK,617,digit-group
WAB,,NIL,ZK,617,digit-group
WAC,,NIL,ZK,617,digit-group
WAE,,NIL,ZK,736,digit-group
WAG,,NIL,ZK,617,digit-group
WAJ,,NIL,ZK,617,digit-group
WAP,,NIL,ZK,243,digit-group
WAX,,NIL,ZK,235,digit-group
WBF,,NIL,ZK,766,digit-group
WBG,,NIL,ZK,240,digit-group
WBL,,NIL,ZK,243,digit-group
WCB,,NIL,ZK,13,digit-group
WCD,,NIL,ZK,68,digit-group
WCF,,NIL,ZK,764,digit-group
WCV,,NIL,ZK,13,digit-group
WFG,,NIL,ZK,765,digit-group
WFS,,NIL,ZK,235,digit-group
WFT,,NIL,ZK,235,digit-group
WGA,,NIL,ZK,333,digit-group
WGE,,NIL,ZK,235,digit-group
WHH,,NIL,ZK,109,digit-group
WHL,,NIL,ZK,284,digit-group
WHW,,NIL,ZK,608,digit-group
WHY,,NIL,ZK,235,digit-group
WIJ,,NIL,ZK,284,digit-group
WIK,,NIL,ZK,337,digit-group
WIP,,NIL,ZK,769,digit-group
WIT,,NIL,ZK,603,digit-group
WIW,,NIL,ZK,615,digit-group
WJB,,NIL,ZK,479,digit-group
WJH,,NIL,ZK,235,digit-group
WKF,,NIL,ZK,235,digit-group
WKK,,NIL,ZK,242,digit-group
WKT,,NIL,ZK,235,digit-group
WKU,,NIL,ZK,235,digit-group
WLF,,NIL,ZK,220,digit-group
WLM,,NIL,ZK,4,digit-group
WLS,,NIL,ZK,115,digit-group
WNB,,NIL,ZK,617,digit-group
WNG,,NIL,ZK,765,digit-group
WNR,,NIL,ZK,766,digit-group
WNZ,,NIL,ZK,769,digit-group
WOW,,NIL,ZK,242,digit-group
WPN,,NIL,ZK,123,digit-group
WPO,,NIL,ZK,235,digit-group
WRA,,NIL,ZK,766,digit-group
WRB,,NIL,ZK,617,digit-group
WSB,,NIL,ZK,243,digit-group
WSJ,,NIL,ZK,242,digit-group
WSS,,NIL,ZK,813,digit-group
WTD,,NIL,ZK,235,digit-group
WTF,,NIL,ZK,764,digit-group
WUA,,NIL,ZK,333,digit-group
WUD,,NIL,ZK,235,digit-group
WUG,,NIL,ZK,615,digit-group
WUJ,,NIL,ZK,330,digit-group
WUN,,NIL,ZK,333,digit-group
WWH,,NIL,ZK,248,digit-group
WWT,,NIL,ZK,764,digit-group
WXY,,NIL,ZK,243,digit-group
WYT,,NIL,ZK,242,digit-group
XAB,,NIL,ZK,342,digit-group
XAF,,NIL,ZK,147,digit-group
XAT,,NIL,ZK,235,digit-group
XCL,,NIL,ZK,603,digit-group
XLI,,NIL,ZK,813,digit-group
XLT,,NIL,ZK,242,digit-group
XLX,,NIL,ZK,374,digit-group
XNZ,,NIL,ZK,313,digit-group
XPD,,NIL,ZK,235,digit-group
XPJ,,NIL,ZK,107,digit-group
XPT,,NIL,ZK,768,digit-group
XTA,,NIL,ZK,816,digit-group
XXL,,NIL,ZK,813,digit-group
YAT,,NIL,ZK,235,digit-group
YEA,,NIL,ZK,654,digit-group
YES,,NIL,ZK,115,digit-group
YRV,,NIL,ZK,791,digit-group
ZAB,,NIL,ZK,235,digit-group
ZAC,,NIL,ZK,235,digit-group
ZAK,,NIL,ZK,813,digit-group
ZAM,,NIL,ZK,816,digit-group
ZAN,,NIL,ZK,235,digit-group
ZAR,,NIL,ZK,815,digit-group
ZCH,,NIL,ZK,815,digit-group
ZDM,,NIL,ZK,235,digit-group
ZED,,NIL,ZK,813,digit-group
ZEK,,NIL,ZK,278,digit-group
ZEN,,NIL,ZK,811,digit-group
ZGO,,NIL,ZK,275,digit-group
ZIG,,NIL,ZK,613,digit-group
ZKF,,NIL,ZK,313,digit-group
ZKP,,NIL,ZK,813,digit-group
ZKZ,,NIL,ZK,813,digit-group
ZME,,NIL,ZK,815,digit-group
ZMX,,NIL,ZK,815,digit-group
ZNR,,NIL,ZK,813,digit-group
ZOD,,NIL,ZK,813,digit-group
ZOG,,GBY,ZK,603,digit-group
ZOT,,NIL,ZK,813,digit-group
ZRG,,NIL,ZK,765,digit-group
ZSP,,NIL,ZK,577,digit-group
ZST,,NIL,ZK,815,digit-group
ZUB,,NIL,ZK,815,digit-group
ZXZ,,NIL,ZK,813,digit-group
ZZA,,NIL,ZK,119,digit-group
ZZB,,NIL,ZK,769,digit-group
ZZC,,NIL,ZK,235,digit-group
ZZD,,NIL,ZK,769,digit-group
ZZR,,NIL,ZK,242,digit-group
ZZT,,NIL,ZK,766,digit-group
BZB,,NIL,ZK,603,digit-group-ambiguous
BZH,,NIL,ZK,603,digit-group-ambiguous
CAL,,NIL,ZK,611,digit-group-ambiguous
CKF,,NIL,ZK,554,digit-group-ambiguous
CLJ,,NIL,ZK,554,digit-group-ambiguous
CNV,,NIL,ZK,603,digit-group-ambiguous
CNY,,NIL,ZK,603,digit-group-ambiguous
COL,,NIL,ZK,236,digit-group-ambiguous
CPF,,NIL,ZK,554,digit-group-ambiguous
CPP,,NIL,ZK,554,digit-group-ambiguous
CQF,,NIL,ZK,236,digit-group-ambiguous
CUS,,NIL,ZK,600,digit-group-ambiguous
CWS,,NIL,ZK,603,digit-group-ambiguous
DBK,,NIL,ZK,554,digit-group-ambiguous
DBN,,NIL,ZK,554,digit-group-ambiguous
DBW,,NIL,ZK,603,digit-group-ambiguous
DEF,,NIL,ZK,612,digit-group-ambiguous
DGS,,SAV,ZK,600,digit-group-ambiguous
DGT,,NIL,ZK,600,digit-group-ambiguous
DHG,,NIL,ZK,612,digit-group-ambiguous
DIR,,SAV,ZK,600,digit-group-ambiguous
DJA,,NIL,ZK,605,digit-group-ambiguous
DOP,,NIL,ZK,612,digit-group-ambiguous
DOT,,NIL,ZK,603,digit-group-ambiguous
DQV,,NIL,ZK,605,digit-group-ambiguous
DSK,,NIL,ZK,603,digit-group-ambiguous
DUN,,NIL,ZK,603,digit-group-ambiguous
DUS,,NIL,ZK,605,digit-group-ambiguous
DUY,,NIL,ZK,605,digit-group-ambiguous
DXI,,NIL,ZK,603,digit-group-ambiguous
EBA,,NIL,ZK,605,digit-group-ambiguous
EBC,,NIL,ZK,603,digit-group-ambiguous
EBE,,NIL,ZK,605,digit-group-ambiguous
EBH,,NIL,ZK,603,digit-group-ambiguous
EBI,,NIL,ZK,605,digit-group-ambiguous
EBJ,,NIL,ZK,603,digit-group-ambiguous
EBM,,NIL,ZK,603,digit-group-ambiguous
ECM,,SAV,ZK,600,digit-group-ambiguous
EKS,,NIL,ZK,612,digit-group-ambiguous
ELK,,NIL,ZK,612,digit-group-ambiguous
ELX,,NIL,ZK,603,digit-group-ambiguous
ENZ,,NIL,ZK,612,digit-group-ambiguous
EQE,,NIL,ZK,603,digit-group-ambiguous
EQZ,,NIL,ZK,603,digit-group-ambiguous
ERM,,SAV,ZK,600,digit-group-ambiguous
EVP,,SAV,ZK,600,digit-group-ambiguous
FHP,,NIL,ZK,605,digit-group-ambiguous
FOP,,NIL,ZK,611,digit-group-ambiguous
FRL,,NIL,ZK,603,digit-group-ambiguous
FTR,,NIL,ZK,603,digit-group-ambiguous
FVP,,SAV,ZK,600,digit-group-ambiguous
FYD,,NIL,ZK,554,digit-group-ambiguous
HAB,,NIL,ZK,457,digit-group-ambiguous
HAC,,NIL,ZK,461,digit-group-ambiguous
HAS,,NIL,ZK,461,digit-group-ambiguous
HAX,,NIL,ZK,361,digit-group-ambiguous
HBD,,NIL,ZK,361,digit-group-ambiguous
HCC,,NIL,ZK,461,digit-group-ambiguous
HCX,,NIL,ZK,491,digit-group-ambiguous
HDN,,NIL,ZK,461,digit-group-ambiguous
HDW,,NIL,ZK,461,digit-group-ambiguous
HEP,,NIL,ZK,491,digit-group-ambiguous
HES,,NIL,ZK,491,digit-group-ambiguous
HFJ,,NIL,ZK,461,digit-group-ambiguous
HFT,,NIL,ZK,461,digit-group-ambiguous
HFW,,NIL,ZK,716,digit-group-ambiguous
HGU,,NIL,ZK,491,digit-group-ambiguous
HIB,,NIL,ZK,461,digit-group-ambiguous
HIQ,,NIL,ZK,491,digit-group-ambiguous
HJS,,NIL,ZK,461,digit-group-ambiguous
HMC,,NIL,ZK,716,digit-group-ambiguous
HMR,,NIL,ZK,491,digit-group-ambiguous
HNP,,NIL,ZK,491,digit-group-ambiguous
HNV,,NIL,ZK,461,digit-group-ambiguous
HOL,,NIL,ZK,461,digit-group-ambiguous
HPX,,NIL,ZK,461,digit-group-ambiguous
HPZ,,NIL,ZK,491,digit-group-ambiguous
HRA,,NIL,ZK,461,digit-group-ambiguous
HRC,,NIL,ZK,461,digit-group-ambiguous
HSB,,NIL,ZK,461,digit-group-ambiguous
HSC,,NIL,ZK,461,digit-group-ambiguous
HSQ,,NIL,ZK,461,digit-group-ambiguous
HTN,,NIL,ZK,461,digit-group-ambiguous
HTT,,NIL,ZK,461,digit-group-ambiguous
HTZ,,NIL,ZK,461,digit-group-ambiguous
HUJ,,NIL,ZK,461,digit-group-ambiguous
HUL,,NIL,ZK,461,digit-group-ambiguous
HVK,,NIL,ZK,716,digit-group-ambiguous
HVO,,NIL,ZK,716,digit-group-ambiguous
HVY,,NIL,ZK,716,digit-group-ambiguous
HWB,,NIL,ZK,461,digit-group-ambiguous
HWH,,NIL,ZK,461,digit-group-ambiguous
HXK,,NIL,ZK,457,digit-group-ambiguous
HYC,,NIL,ZK,716,digit-group-ambiguous
HYG,,NIL,ZK,361,digit-group-ambiguous
HYK,,NIL,ZK,461,digit-group-ambiguous
HYT,,NIL,ZK,361,digit-group-ambiguous
HZG,,NIL,ZK,461,digit-group-ambiguous
HZP,,NIL,ZK,461,digit-group-ambiguous
IAX,,NIL,ZK,461,digit-group-ambiguous
ICB,,NIL,ZK,716,digit-group-ambiguous
ICU,,NIL,ZK,491,digit-group-ambiguous
ICY,,NIL,ZK,491,digit-group-ambiguous
IDH,,NIL,ZK,491,digit-group-ambiguous
IDL,,NIL,ZK,461,digit-group-ambiguous
IDS,,NIL,ZK,461,digit-group-ambiguous
IDT,,NIL,ZK,491,digit-group-ambiguous
IDU,,NIL,ZK,491,digit-group-ambiguous
IDV,,NIL,ZK,461,digit-group-ambiguous
IEG,,NIL,ZK,461,digit-group-ambiguous
IEK,,NIL,ZK,461,digit-group-ambiguous
IEN,,NIL,ZK,461,digit-group-ambiguous
IES,,NIL,ZK,461,digit-group-ambiguous
IET,,NIL,ZK,461,digit-group-ambiguous
IGA,,NIL,ZK,491,digit-group-ambiguous
IGB,,NIL,ZK,491,digit-group-ambiguous
IGC,,NIL,ZK,491,digit-group-ambiguous
IGD,,NIL,ZK,491,digit-group-ambiguous
IGG,,NIL,ZK,491,digit-group-ambiguous
IGL,,NIL,ZK,491,digit-group-ambiguous
IHH,,NIL,ZK,461,digit-group-ambiguous
IID,,NIL,ZK,491,digit-group-ambiguous
IJL,,NIL,ZK,491,digit-group-ambiguous
IKE,,NIL,ZK,461,digit-group-ambiguous
IML,,NIL,ZK,461,digit-group-ambiguous
IMX,,NIL,ZK,491,digit-group-ambiguous
INM,,NIL,ZK,461,digit-group-ambiguous
IPR,,NIL,ZK,461,digit-group-ambiguous
ISO,,NIL,ZK,461,digit-group-ambiguous
ITF,,NIL,ZK,491,digit-group-ambiguous
ITX,,NIL,ZK,461,digit-group-ambiguous
IWD,,NIL,ZK,491,digit-group-ambiguous
IWL,,NIL,ZK,491,digit-group-ambiguous
IWR,,NIL,ZK,461,digit-group-ambiguous
IXA,,NIL,ZK,491,digit-group-ambiguous
IXC,,NIL,ZK,491,digit-group-ambiguous
IXD,,NIL,ZK,491,digit-group-ambiguous
IXM,,NIL,ZK,491,digit-group-ambiguous
IXN,,NIL,ZK,491,digit-group-ambiguous
IXO,,NIL,ZK,491,digit-group-ambiguous
IXR,,NIL,ZK,491,digit-group-ambiguous
IXS,,NIL,ZK,491,digit-group-ambiguous
IXV,,NIL,ZK,491,digit-group-ambiguous
IXX,,NIL,ZK,461,digit-group-ambiguous
JKA,,NIL,ZK,236,digit-group-ambiguous
JNE,,NIL,ZK,236,digit-group-ambiguous
JSA,,ANZ,ZK,205,digit-group-ambiguous
JSH,,OGN,ZK,205,digit-group-ambiguous
JSI,,ANZ,ZK,205,digit-group-ambiguous
KGS,,NIL,ZK,270,digit-group-ambiguous
KVW,,NIL,ZK,611,digit-group-ambiguous
LJD,,NIL,ZK,603,digit-group-ambiguous
LJF,,NIL,ZK,603,digit-group-ambiguous
LJJ,,NIL,ZK,603,digit-group-ambiguous
LNU,,NIL,ZK,236,digit-group-ambiguous
LYD,,NIL,ZK,603,digit-group-ambiguous
MBE,,NIL,ZK,603,digit-group-ambiguous
MBG,,NIL,ZK,603,digit-group-ambiguous
MBH,,NIL,ZK,603,digit-group-ambiguous
MBJ,,NIL,ZK,603,digit-group-ambiguous
MBK,,NIL,ZK,603,digit-group-ambiguous
MED,,NIL,ZK,236,digit-group-ambiguous
MND,,NIL,ZK,603,digit-group-ambiguous
MNY,,NIL,ZK,554,digit-group-ambiguous
MTY,,SAV,ZK,600,digit-group-ambiguous
NPA,,NIL,ZK,236,digit-group-ambiguous
NPJ,,NIL,ZK,236,digit-group-ambiguous
NUC,,NIL,ZK,236,digit-group-ambiguous
OAB,,ANZ,ZK,46,digit-group-ambiguous
OAT,,NIL,ZK,236,digit-group-ambiguous
OJQ,,ANZ,ZK,46,digit-group-ambiguous
OJR,,ANZ,ZK,46,digit-group-ambiguous
OJS,,ANZ,ZK,46,digit-group-ambiguous
OMT,,NIL,ZK,612,digit-group-ambiguous
ONR,,NIL,ZK,605,digit-group-ambiguous
OXA,,ANZ,ZK,46,digit-group-ambiguous
OXB,,ANZ,ZK,46,digit-group-ambiguous
OXC,,ANZ,ZK,46,digit-group-ambiguous
OXD,,ANZ,ZK,46,digit-group-ambiguous
OXE,,ANZ,ZK,46,digit-group-ambiguous
OXF,,ANZ,ZK,46,digit-group-ambiguous
OXG,,ANZ,ZK,46,digit-group-ambiguous
OXH,,ANZ,ZK,46,digit-group-ambiguous
OXI,,ANZ,ZK,46,digit-group-ambiguous
OXJ,,ANZ,ZK,46,digit-group-ambiguous
OXK,,ANZ,ZK,46,digit-group-ambiguous
OXL,,ANZ,ZK,46,digit-group-ambiguous
OXM,,ANZ,ZK,46,digit-group-ambiguous
PDX,,NIL,ZK,612,digit-group-ambiguous
PIX,,SAV,ZK,600,digit-group-ambiguous
RJD,,NIL,ZK,603,digit-group-ambiguous
RMM,,NIL,ZK,554,digit-group-ambiguous
RQY,,NIL,ZK,236,digit-group-ambiguous
RQZ,,NIL,ZK,236,digit-group-ambiguous
RTE,,NIL,ZK,605,digit-group-ambiguous
RTS,,NIL,ZK,612,digit-group-ambiguous
SMC,,NIL,ZK,605,digit-group-ambiguous
TAC,,NIL,ZK,236,digit-group-ambiguous
TAD,,NIL,ZK,236,digit-group-ambiguous
TAJ,,NIL,ZK,236,digit-group-ambiguous
TAN,,NIL,ZK,236,digit-group-ambiguous
TAP,,NIL,ZK,236,digit-group-ambiguous
TAQ,,NIL,ZK,236,digit-group-ambiguous
TAS,,NIL,ZK,236,digit-group-ambiguous
TAU,,NIL,ZK,236,digit-group-ambiguous
TAV,,NIL,ZK,236,digit-group-ambiguous
TDM,,SAV,ZK,600,digit-group-ambiguous
UAT,,NIL,ZK,236,digit-group-ambiguous
WEH,,NIL,ZK,603,digit-group-ambiguous
WGO,,NIL,ZK,612,digit-group-ambiguous
WTA,,NIL,ZK,432,digit-group-ambiguous
WUB,,NIL,ZK,236,digit-group-ambiguous
WUC,,NIL,ZK,236,digit-group-ambiguous
WUE,,NIL,ZK,236,digit-group-ambiguous
WUI,,NIL,ZK,236,digit-group-ambiguous
WUK,,NIL,ZK,236,digit-group-ambiguous
WUL,,NIL,ZK,236,digit-group-ambiguous
WUM,,NIL,ZK,236,digit-group-ambiguous
WWW,,NIL,ZK,603,digit-group-ambiguous
XXK,,NIL,ZK,270,digit-group-ambiguous
ZAE,,NIL,ZK,236,digit-group-ambiguous
ZAT,,NIL,ZK,236,digit-group-ambiguous
ADI,,NIL,ZK,307,exact
ADM,,NIL,ZK,809,exact
AGM,,NIL,ZK,307,exact
AGQ,,NIL,ZK,659,exact
AHB,,NIL,ZK,232,exact
AHC,,NIL,ZK,594,exact
AKM,,NIL,ZK,311,exact
ALG,,NIL,ZK,588,exact
AMK,,NIL,ZK,240,exact
ATE,,NIL,ZK,788,exact
AXI,,NIL,ZK,308,exact
AZF,,NIL,ZK,760,exact
AZK,,NIL,ZK,246,exact
BCR,,NIL,ZK,237,exact
BDB,,NIL,ZK,240,exact
BDD,,NIL,ZK,240,exact
BDE,,NIL,ZK,240,exact
BDR,,NIL,ZK,240,exact
BEB,,NIL,ZK,246,exact
BEZ,,NIL,ZK,240,exact
BFK,,NIL,ZK,229,exact
BFT,,NIL,ZK,240,exact
BGI,,NIL,ZK,240,exact
BGO,,NIL,ZK,240,exact
BJB,,NIL,ZK,240,exact
BJK,,NIL,ZK,809,exact
BJU,,NIL,ZK,240,exact
BJV,,NIL,ZK,240,exact
BJX,,NIL,ZK,240,exact
BJY,,NIL,ZK,240,exact
BKG,,NIL,ZK,240,exact
BKU,,NIL,ZK,596,exact
BKV,,NIL,ZK,596,exact
BKW,,NIL,ZK,596,exact
BKX,,NIL,ZK,596,exact
BLU,,NIL,ZK,74,exact
BMS,,NIL,ZK,240,exact
BPO,,NIL,ZK,231,exact
BQG,,NIL,ZK,235,exact
BQM,,NIL,ZK,761,exact
BQS,,NIL,ZK,596,exact
BQV,,NIL,ZK,596,exact
BQX,,NIL,ZK,596,exact
BQY,,NIL,ZK,596,exact
BRV,,NIL,ZK,786,exact
BRW,,NIL,ZK,240,exact
BSK,,NIL,ZK,596,exact
BSP,,NIL,ZK,240,exact
BSU,,NIL,ZK,235,exact
BTM,,NIL,ZK,596,exact
BTP,,NIL,ZK,596,exact
BTS,,NIL,ZK,596,exact
BTU,,NIL,ZK,596,exact
BTX,,NIL,ZK,596,exact
BUB,,NIL,ZK,402,exact
BUD,,NIL,ZK,232,exact
BUE,,NIL,ZK,235,exact
BUS,,NIL,ZK,240,exact
BUZ,,NIL,ZK,235,exact
BVF,,NIL,ZK,280,exact
BVP,,NIL,ZK,235,exact
BVZ,,NIL,ZK,231,exact
BWG,,NIL,ZK,596,exact
BWI,,NIL,ZK,231,exact
BWX,,NIL,ZK,231,exact
BZR,,NIL,ZK,240,exact
BZY,,NIL,ZK,588,exact
CAE,,NIL,ZK,787,exact
CAJ,,NIL,ZK,559,exact
CAZ,,NIL,ZK,786,exact
CBH,,NIL,ZK,240,exact
CDB,,NIL,ZK,69,exact
CDP,,NIL,ZK,754,exact
CEC,,NIL,ZK,13,exact
CET,,NIL,ZK,69,exact
CGM,,NIL,ZK,372,exact
CHG,,NIL,ZK,559,exact
CHV,,NIL,ZK,369,exact
CIM,,NIL,ZK,754,exact
CJZ,,NIL,ZK,70,exact
CLC,,NIL,ZK,91,exact
CLS,,NIL,ZK,402,exact
CMP,,NIL,ZK,280,exact
CNA,,NIL,ZK,560,exact
CPD,,NIL,ZK,280,exact
CPM,,NIL,ZK,281,exact
CRH,,NIL,ZK,281,exact
CRT,,NIL,ZK,281,exact
CRV,,NIL,ZK,784,exact
CSC,,NIL,ZK,296,exact
CSL,,NIL,ZK,743,exact
CSR,,NIL,ZK,296,exact
CUZ,,NIL,ZK,70,exact
CVI,,NIL,ZK,559,exact
CVP,,NIL,ZK,480,exact
CXC,,NIL,ZK,596,exact
CXZ,,NIL,ZK,280,exact
CZM,,NIL,ZK,480,exact
CZR,,NIL,ZK,296,exact
CZT,,NIL,ZK,402,exact
DAR,,NIL,ZK,296,exact
DBH,,NIL,ZK,558,exact
DEC,,NIL,ZK,296,exact
DEO,,NIL,ZK,291,exact
DEU,,NIL,ZK,296,exact
DFT,,NIL,ZK,257,exact
DGV,,NIL,ZK,480,exact
DIA,,NIL,ZK,335,exact
DJH,,NIL,ZK,73,exact
DJL,,NIL,ZK,239,exact
DMK,,NIL,ZK,70,exact
DMR,,NIL,ZK,369,exact
DOY,,NIL,ZK,766,exact
DPD,,NIL,ZK,239,exact
DSJ,,NIL,ZK,809,exact
DVE,,NIL,ZK,575,exact
DYB,,NIL,ZK,480,exact
EAL,,NIL,ZK,627,exact
EBG,,NIL,ZK,421,exact
ECF,,NIL,ZK,480,exact
ECU,,NIL,ZK,480,exact
EDF,,NIL,ZK,771,exact
EDX,,NIL,ZK,402,exact
EDZ,,NIL,ZK,499,exact
EHA,,NIL,ZK,235,exact
EJN,,NIL,ZK,480,exact
EKL,,NIL,ZK,242,exact
EKM,,NIL,ZK,232,exact
ELA,,NIL,ZK,232,exact
ELP,,NIL,ZK,239,exact
ENS,,NIL,ZK,238,exact
EOJ,,NIL,ZK,232,exact
EPA,,NIL,ZK,369,exact
ERX,,NIL,ZK,558,exact
ESM,,NIL,ZK,786,exact
ETC,,NIL,ZK,69,exact
ETD,,NIL,ZK,232,exact
ETG,,NIL,ZK,236,exact
ETR,,NIL,ZK,232,exact
ETX,,NIL,ZK,242,exact
ETZ,,NIL,ZK,232,exact
EVA,,NIL,ZK,232,exact
EYT,,NIL,ZK,788,exact
EZE,,NIL,ZK,687,exact
FCO,,NIL,ZK,232,exact
FCQ,,NIL,ZK,232,exact
FDA,,NIL,ZK,389,exact
FDB,,NIL,ZK,389,exact
FDD,,NIL,ZK,389,exact
FDE,,NIL,ZK,389,exact
FGC,,NIL,ZK,232,exact
FGD,,NIL,ZK,232,exact
FGU,,NIL,ZK,232,exact
FLB,,NIL,ZK,232,exact
FLC,,NIL,ZK,232,exact
FMR,,NIL,ZK,558,exact
FMV,,NIL,ZK,232,exact
FNZ,,NIL,ZK,575,exact
FPH,,NIL,ZK,232,exact
FPI,,NIL,ZK,232,exact
FRU,,NIL,ZK,559,exact
FTD,,NIL,ZK,628,exact
FWI,,NIL,ZK,797,exact
FXB,,NIL,ZK,13,exact
GCW,,NIL,ZK,710,exact
GDC,,NIL,ZK,751,exact
GEM,,NIL,ZK,710,exact
GIM,,NIL,ZK,629,exact
GNZ,,NIL,ZK,422,exact
GOI,,NIL,ZK,422,exact
GOK,,NIL,ZK,710,exact
GOM,,NIL,ZK,422,exact
GPI,,NIL,ZK,629,exact
GPL,,NIL,ZK,422,exact
GRT,,NIL,ZK,710,exact
GTD,,NIL,ZK,710,exact
GUC,,NIL,ZK,710,exact
GVA,,NIL,ZK,422,exact
GZW,,NIL,ZK,710,exact
HDA,,NIL,ZK,6,exact
HHR,,NIL,ZK,6,exact
HKH,,NIL,ZK,6,exact
HRJ,,NIL,ZK,357,exact
IAM,,NIL,ZK,356,exact
ICT,,NIL,ZK,366,exact
IRP,,NIL,ZK,139,exact
JAT,,NIL,ZK,628,exact
JBC,,NIL,ZK,575,exact
JBU,,NIL,ZK,232,exact
JBZ,,NIL,ZK,296,exact
JCC,,NIL,ZK,232,exact
JCL,,NIL,ZK,236,exact
JDC,,NIL,ZK,232,exact
JDM,,NIL,ZK,240,exact
JDS,,NIL,ZK,787,exact
JFL,,NIL,ZK,593,exact
JFY,,NIL,ZK,232,exact
JFZ,,NIL,ZK,232,exact
JGT,,NIL,ZK,13,exact
JGV,,NIL,ZK,653,exact
JHG,,NIL,ZK,61,exact
JHY,,NIL,ZK,558,exact
JJM,,NIL,ZK,575,exact
JKO,,NIL,ZK,485,exact
JMX,,NIL,ZK,787,exact
JOM,,NIL,ZK,13,exact
JPH,,NIL,ZK,787,exact
JPT,,NIL,ZK,787,exact
JPU,,NIL,ZK,485,exact
JPW,,NIL,ZK,809,exact
JQD,,NIL,ZK,558,exact
JQP,,NIL,ZK,743,exact
JQS,,NIL,ZK,559,exact
JRB,,NIL,ZK,653,exact
JRK,,NIL,ZK,733,exact
JRV,,NIL,ZK,791,exact
JRZ,,NIL,ZK,748,exact
JSC,,NIL,ZK,480,exact
JTE,,NIL,ZK,787,exact
JTF,,NIL,ZK,13,exact
JUS,,NIL,ZK,485,exact
KCA,,NIL,ZK,788,exact
KCD,,NIL,ZK,480,exact
KCW,,NIL,ZK,239,exact
KEL,,NIL,ZK,653,exact
KEO,,NIL,ZK,575,exact
KEV,,NIL,ZK,809,exact
KEZ,,NIL,ZK,596,exact
KGB,,NIL,ZK,809,exact
KOA,,NIL,ZK,70,exact
KPD,,NIL,ZK,70,exact
KRS,,NIL,ZK,689,exact
KRV,,NIL,ZK,786,exact
KSD,,NIL,ZK,480,exact
KWI,,NIL,ZK,559,exact
LAB,,NIL,ZK,242,exact
LAF,,NIL,ZK,386,exact
LAN,,NIL,ZK,480,exact
LAT,,NIL,ZK,70,exact
LAU,,NIL,ZK,629,exact
LAX,,NIL,ZK,13,exact
LBK,,NIL,ZK,792,exact
LCM,,NIL,ZK,786,exact
LCW,,NIL,ZK,792,exact
LDM,,NIL,ZK,787,exact
LDR,,NIL,ZK,784,exact
LED,,NIL,ZK,296,exact
LEI,,NIL,ZK,478,exact
LEZ,,NIL,ZK,689,exact
LFB,,NIL,ZK,13,exact
LFD,,NIL,ZK,13,exact
LFG,,NIL,ZK,13,exact
LFK,,NIL,ZK,13,exact
LIZ,,NIL,ZK,809,exact
LPA,,NIL,ZK,69,exact
LPB,,NIL,ZK,69,exact
LPC,,NIL,ZK,70,exact
LPD,,NIL,ZK,70,exact
LPE,,NIL,ZK,69,exact
LPI,,NIL,ZK,69,exact
LPJ,,NIL,ZK,69,exact
LPK,,NIL,ZK,70,exact
LPM,,NIL,ZK,69,exact
LPN,,NIL,ZK,69,exact
LPR,,NIL,ZK,69,exact
LPS,,NIL,ZK,70,exact
LPT,,NIL,ZK,70,exact
LPX,,NIL,ZK,70,exact
LRF,,NIL,ZK,232,exact
LSH,,NIL,ZK,480,exact
LVA,,NIL,ZK,787,exact
LWW,,NIL,ZK,242,exact
LXC,,NIL,ZK,784,exact
LYN,,NIL,ZK,733,exact
MAO,,NIL,ZK,559,exact
MAS,,NIL,ZK,242,exact
MAU,,NIL,ZK,480,exact
MBD,,NIL,ZK,296,exact
MBY,,NIL,ZK,771,exact
MCQ,,NIL,ZK,485,exact
MDF,,NIL,ZK,232,exact
MDK,,NIL,ZK,232,exact
MDS,,NIL,ZK,232,exact
MDT,,NIL,ZK,391,exact
MEK,,NIL,ZK,70,exact
MGK,,NIL,ZK,69,exact
MGR,,NIL,ZK,235,exact
MIH,,NIL,ZK,70,exact
MLM,,NIL,ZK,30,exact
MLT,,NIL,ZK,485,exact
MLY,,NIL,ZK,235,exact
MMB,,NIL,ZK,480,exact
MNT,,NIL,ZK,787,exact
MOT,,NIL,ZK,61,exact
MPE,,NIL,ZK,242,exact
MPO,,NIL,ZK,754,exact
MRG,,NIL,ZK,242,exact
MRM,,NIL,ZK,788,exact
MRV,,NIL,ZK,786,exact
MSG,,NIL,ZK,69,exact
MUD,,NIL,ZK,559,exact
MUZ,,NIL,ZK,240,exact
MWB,,NIL,ZK,581,exact
MWK,,NIL,ZK,13,exact
MWL,,NIL,ZK,70,exact
MYJ,,NIL,ZK,653,exact
NAI,,NIL,ZK,232,exact
NAK,,NIL,ZK,232,exact
NAL,,NIL,ZK,232,exact
NAN,,NIL,ZK,232,exact
NAQ,,NIL,ZK,232,exact
NAW,,NIL,ZK,653,exact
NBC,,NIL,ZK,236,exact
NCD,,NIL,ZK,687,exact
NEI,,NIL,ZK,232,exact
NEX,,NIL,ZK,743,exact
NFO,,NIL,ZK,232,exact
NGS,,NIL,ZK,70,exact
NGU,,NIL,ZK,90,exact
NJG,,NIL,ZK,653,exact
NJL,,NIL,ZK,232,exact
NMG,,NIL,ZK,754,exact
NMS,,NIL,ZK,787,exact
NPE,,NIL,ZK,232,exact
NPG,,NIL,ZK,232,exact
NPK,,NIL,ZK,232,exact
NPM,,NIL,ZK,236,exact
NRH,,NIL,ZK,13,exact
NRV,,NIL,ZK,787,exact
NSD,,NIL,ZK,232,exact
NSM,,NIL,ZK,232,exact
NST,,NIL,ZK,232,exact
NSY,,NIL,ZK,232,exact
NSZ,,NIL,ZK,232,exact
NVS,,NIL,ZK,787,exact
ODD,,NIL,ZK,653,exact
OII,,NIL,ZK,559,exact
OPA,,NIL,ZK,786,exact
OPM,,NIL,ZK,754,exact
PAA,,NIL,ZK,69,exact
PAS,,NIL,ZK,480,exact
PCB,,NIL,ZK,69,exact
PCC,,NIL,ZK,61,exact
PCW,,NIL,ZK,754,exact
PDB,,NIL,ZK,743,exact
PDD,,NIL,ZK,235,exact
PFD,,NIL,ZK,644,exact
PGP,,NIL,ZK,754,exact
PHL,,NIL,ZK,790,exact
PJF,,NIL,ZK,653,exact
PJG,,NIL,ZK,480,exact
PJH,,NIL,ZK,788,exact
PJM,,NIL,ZK,70,exact
PKS,,NIL,ZK,70,exact
PKT,,NIL,ZK,69,exact
PLG,,NIL,ZK,70,exact
PNN,,NIL,ZK,809,exact
PNX,,NIL,ZK,575,exact
POL,,NIL,ZK,636,exact
PQP,,NIL,ZK,232,exact
PRV,,NIL,ZK,786,exact
PTE,,NIL,ZK,809,exact
PYS,,NIL,ZK,69,exact
RAJ,,NIL,ZK,400,exact
RDZ,,NIL,ZK,629,exact
REB,,NIL,ZK,558,exact
REV,,NIL,ZK,235,exact
RFT,,NIL,ZK,70,exact
RGD,,NIL,ZK,784,exact
RIC,,NIL,ZK,653,exact
RJC,,NIL,ZK,232,exact
RMC,,NIL,ZK,759,exact
RMV,,NIL,ZK,70,exact
RMW,,NIL,ZK,61,exact
RNR,,NIL,ZK,480,exact
ROD,,NIL,ZK,771,exact
RSC,,NIL,ZK,750,exact
RUR,,NIL,ZK,61,exact
RUS,,NIL,ZK,809,exact
RVB,,NIL,ZK,784,exact
RVG,,NIL,ZK,784,exact
RVH,,NIL,ZK,784,exact
RVI,,NIL,ZK,784,exact
RVK,,NIL,ZK,786,exact
RVL,,NIL,ZK,786,exact
RVN,,NIL,ZK,784,exact
RVO,,NIL,ZK,784,exact
RVQ,,NIL,ZK,787,exact
RVS,,NIL,ZK,787,exact
RVT,,NIL,ZK,790,exact
RVU,,NIL,ZK,787,exact
RVV,,NIL,ZK,784,exact
RVX,,NIL,ZK,786,exact
RVZ,,NIL,ZK,784,exact
RWJ,,NIL,ZK,787,exact
RYN,,NIL,ZK,690,exact
RZA,,NIL,ZK,786,exact
SAJ,,NIL,ZK,13,exact
SAT,,NIL,ZK,61,exact
SBJ,,NIL,ZK,787,exact
SDF,,NIL,ZK,575,exact
SEA,,NIL,ZK,8,exact
SGI,,NIL,ZK,13,exact
SHG,,NIL,ZK,70,exact
SHH,,NIL,ZK,687,exact
SHN,,NIL,ZK,787,exact
SIM,,NIL,ZK,784,exact
SIS,,NIL,ZK,232,exact
SJC,,NIL,ZK,786,exact
SJL,,NIL,ZK,70,exact
SKP,,NIL,ZK,484,exact
SML,,NIL,ZK,69,exact
SNX,,NIL,ZK,743,exact
SOL,,NIL,ZK,386,exact
SON,,NIL,ZK,232,exact
SPZ,,NIL,ZK,421,exact
SRB,,NIL,ZK,653,exact
SRV,,NIL,ZK,786,exact
SSG,,NIL,ZK,232,exact
SST,,NIL,ZK,788,exact
STP,,NIL,ZK,559,exact
SUE,,NIL,ZK,480,exact
SXL,,NIL,ZK,63,exact
SXO,,NIL,ZK,63,exact
SXR,,NIL,ZK,743,exact
SXS,,NIL,ZK,63,exact
SYD,,NIL,ZK,69,exact
TAE,,NIL,ZK,232,exact
TAH,,NIL,ZK,236,exact
TAK,,NIL,ZK,232,exact
TEZ,,NIL,ZK,787,exact
TGB,,NIL,ZK,70,exact
TGS,,NIL,ZK,628,exact
TIK,,NIL,ZK,653,exact
TKB,,NIL,ZK,653,exact
TLP,,NIL,ZK,579,exact
TOC,,NIL,ZK,232,exact
TOD,,NIL,ZK,232,exact
TRB,,NIL,ZK,70,exact
TSB,,NIL,ZK,750,exact
TTL,,NIL,ZK,575,exact
TUT,,NIL,ZK,232,exact
TXW,,NIL,ZK,791,exact
TYS,,NIL,ZK,809,exact
UBD,,NIL,ZK,369,exact
UTE,,NIL,ZK,575,exact
VAF,,NIL,ZK,788,exact
VAL,,NIL,ZK,558,exact
VAN,,NIL,ZK,558,exact
VCP,,NIL,ZK,296,exact
VDB,,NIL,ZK,743,exact
VGS,,NIL,ZK,786,exact
VLF,,NIL,ZK,791,exact
VNX,,NIL,ZK,792,exact
VNZ,,NIL,ZK,786,exact
VRV,,NIL,ZK,786,exact
VWS,,NIL,ZK,743,exact
WAL,,NIL,ZK,653,exact
WBS,,NIL,ZK,743,exact
WDW,,NIL,ZK,653,exact
WEC,,NIL,ZK,558,exact
WEM,,NIL,ZK,558,exact
WER,,NIL,ZK,69,exact
WGK,,NIL,ZK,296,exact
WGT,,NIL,ZK,240,exact
WHC,,NIL,ZK,69,exact
WLD,,NIL,ZK,70,exact
WLK,,NIL,ZK,788,exact
WLL,,NIL,ZK,787,exact
WOK,,NIL,ZK,559,exact
WOS,,NIL,ZK,787,exact
WRV,,NIL,ZK,787,exact
XIL,,NIL,ZK,653,exact
XLA,,NIL,ZK,575,exact
XLB,,NIL,ZK,575,exact
XLC,,NIL,ZK,575,exact
XLE,,NIL,ZK,575,exact
XLR,,NIL,ZK,575,exact
XTC,,NIL,ZK,786,exact
XTX,,NIL,ZK,229,exact
XXS,,NIL,ZK,809,exact
YAC,,NIL,ZK,809,exact
YAK,,NIL,ZK,809,exact
YAQ,,NIL,ZK,809,exact
YAX,,NIL,ZK,809,exact
YDD,,NIL,ZK,296,exact
YIK,,NIL,ZK,809,exact
YKK,,NIL,ZK,809,exact
YNZ,,NIL,ZK,809,exact
YPM,,NIL,ZK,629,exact
YRA,,NIL,ZK,809,exact
YXO,,NIL,ZK,809,exact
ZAH,,NIL,ZK,809,exact
ZAP,,NIL,ZK,687,exact
ZAY,,NIL,ZK,809,exact
ZCP,,NIL,ZK,653,exact
ZGR,,NIL,ZK,232,exact
ZRV,,NIL,ZK,788,exact
ABY,,NIL,ZK,588,squeezed
AGY,,NIL,ZK,79,squeezed
AHD,,NIL,ZK,594,squeezed
AHE,,NIL,ZK,594,squeezed
AIR,,NIL,ZK,594,squeezed
ALL,,NIL,ZK,29,squeezed
ALY,,NIL,ZK,594,squeezed
AOB,,NIL,ZK,79,squeezed
ASL,,NIL,ZK,79,squeezed
ATH,,NIL,ZK,79,squeezed
ATU,,NIL,ZK,594,squeezed
AUF,,NIL,ZK,79,squeezed
AWH,,NIL,ZK,79,squeezed
AWZ,,NIL,ZK,79,squeezed
AXC,,NIL,ZK,80,squeezed
AXJ,,NIL,ZK,81,squeezed
AXO,,NIL,ZK,79,squeezed
AYO,,NIL,ZK,79,squeezed
AYU,,NIL,ZK,79,squeezed
BAQ,,NIL,ZK,79,squeezed
BDW,,NIL,ZK,81,squeezed
BLW,,NIL,ZK,83,squeezed
BQL,,NIL,ZK,81,squeezed
DBU,,NIL,ZK,81,squeezed
DOG,,NIL,ZK,254,squeezed
DYN,,NIL,ZK,29,squeezed
ECW,,NIL,ZK,483,squeezed
EHS,,NIL,ZK,418,squeezed
FNQ,,NIL,ZK,483,squeezed
FRN,,NIL,ZK,594,squeezed
FSR,,NIL,ZK,418,squeezed
FWO,,NIL,ZK,193,squeezed
FYA,,NIL,ZK,254,squeezed
JQN,,NIL,ZK,588,squeezed
KBZ,,NIL,ZK,418,squeezed
KCO,,NIL,ZK,9,squeezed
LOR,,NIL,ZK,418,squeezed
MAB,,NIL,ZK,418,squeezed
MAI,,NIL,ZK,146,squeezed
MCM,,NIL,ZK,418,squeezed
MCZ,,NIL,ZK,418,squeezed
MLF,,NIL,ZK,418,squeezed
OIG,,NIL,ZK,254,squeezed
ORC,,NIL,ZK,418,squeezed
PAC,,NIL,ZK,588,squeezed
PEL,,NIL,ZK,418,squeezed
PRB,,NIL,ZK,588,squeezed
PTT,,NIL,ZK,638,squeezed
PTU,,NIL,ZK,638,squeezed
SAE,,SRI,ZK,418,squeezed
SAZ,,SRI,ZK,418,squeezed
SFK,,NIL,ZK,214,squeezed
SKE,,NIL,ZK,146,squeezed
SKV,,NIL,ZK,146,squeezed
SLD,,NIL,ZK,418,squeezed
SLQ,,NIL,ZK,418,squeezed
TCC,,NIL,ZK,29,squeezed
WMF,,NIL,ZK,418,squeezed
YLO,,NIL,ZK,594,squeezed
ZEA,,NIL,ZK,418,squeezed
ZQN,,NIL,ZK,418,squeezed
ZUG,,GBY,ZK,418,squeezed
AQZ,,NIL,ZK,583,substring
ARP,,NIL,ZK,583,substring
ARR,,NIL,ZK,84,substring
AUH,,NIL,ZK,84,substring
AVH,,NIL,ZK,84,substring
AZB,,NIL,ZK,319,substring
BBX,,NIL,ZK,319,substring
BMG,,NIL,ZK,522,substring
BSV,,NIL,ZK,318,substring
BVA,,NIL,ZK,319,substring
CBL,,NIL,ZK,7,substring
CCL,,NIL,ZK,463,substring
CGL,,NIL,ZK,480,substring
CGT,,NIL,ZK,329,substring
CHP,,NIL,ZK,318,substring
CJA,,NIL,ZK,186,substring
CJB,,NIL,ZK,186,substring
CJE,,NIL,ZK,186,substring
CJF,,NIL,ZK,186,substring
CKH,,NIL,ZK,319,substring
CMA,,NIL,ZK,782,substring
COW,,NIL,ZK,721,substring
CPY,,NIL,ZK,318,substring
CVW,,NIL,ZK,370,substring
CXJ,,NIL,ZK,738,substring
CYG,,NIL,ZK,731,substring
DDC,,NIL,ZK,217,substring
DKW,,NIL,ZK,430,substring
DMC,,NIL,ZK,7,substring
DMP,,NIL,ZK,7,substring
DNJ,,NIL,ZK,430,substring
DPP,,NIL,ZK,583,substring
DRV,,NIL,ZK,787,substring
DTX,,NIL,ZK,392,substring
DUA,,NIL,ZK,31,substring
DUC,,NIL,ZK,318,substring
DUH,,NIL,ZK,463,substring
DVM,,NIL,ZK,29,substring
DWZ,,NIL,ZK,631,substring
DYA,,NIL,ZK,29,substring
DYD,,NIL,ZK,29,substring
DYR,,NIL,ZK,29,substring
DYT,,NIL,ZK,29,substring
DYZ,,NIL,ZK,29,substring
ECE,,NIL,ZK,787,substring
EEN,,NIL,ZK,401,substring
EEV,,NIL,ZK,553,substring
EEZ,,NIL,ZK,291,substring
ENA,,NIL,ZK,567,substring
ENB,,NIL,ZK,567,substring
ENC,,NIL,ZK,567,substring
END,,NIL,ZK,567,substring
ENE,,NIL,ZK,567,substring
ENF,,NIL,ZK,567,substring
ENG,,NIL,ZK,567,substring
ENJ,,NIL,ZK,567,substring
EWW,,NIL,ZK,29,substring
FPZ,,NIL,ZK,319,substring
FTE,,NIL,ZK,782,substring
FYM,,NIL,ZK,329,substring
GBF,,NIL,ZK,697,substring
GBO,,NIL,ZK,699,substring
GDD,,NIL,ZK,699,substring
GDX,,NIL,ZK,699,substring
GEW,,NIL,ZK,701,substring
GFF,,NIL,ZK,699,substring
GGQ,,NIL,ZK,697,substring
GIW,,NIL,ZK,701,substring
GKI,,NIL,ZK,701,substring
GKU,,NIL,ZK,701,substring
GKV,,NIL,ZK,701,substring
GMS,,NIL,ZK,697,substring
GNN,,NIL,ZK,700,substring
GNS,,NIL,ZK,699,substring
GOD,,NIL,ZK,699,substring
GPA,,NIL,ZK,701,substring
GPV,,NIL,ZK,698,substring
GQQ,,NIL,ZK,699,substring
GRF,,NIL,ZK,697,substring
GRW,,NIL,ZK,699,substring
GRZ,,NIL,ZK,699,substring
GSH,,NIL,ZK,700,substring
GSL,,NIL,ZK,698,substring
GSM,,NIL,ZK,697,substring
GSP,,NIL,ZK,702,substring
GTT,,NIL,ZK,699,substring
GTZ,,NIL,ZK,698,substring
GUO,,NIL,ZK,699,substring
GXC,,NIL,ZK,698,substring
GXN,,NIL,ZK,698,substring
GXP,,NIL,ZK,698,substring
GXT,,NIL,ZK,699,substring
GYL,,NIL,ZK,699,substring
GZM,,NIL,ZK,697,substring
GZZ,,NIL,ZK,697,substring
HAF,,NIL,ZK,449,substring
HDS,,NIL,ZK,449,substring
HDY,,NIL,ZK,449,substring
HEJ,,NIL,ZK,449,substring
HEK,,NIL,ZK,449,substring
HFL,,NIL,ZK,449,substring
HGI,,NIL,ZK,449,substring
HIR,,NIL,ZK,449,substring
HJM,,NIL,ZK,449,substring
HLU,,NIL,ZK,449,substring
HNN,,NIL,ZK,449,substring
HPP,,NIL,ZK,449,substring
HPT,,NIL,ZK,449,substring
HRN,,NIL,ZK,449,substring
HSJ,,NIL,ZK,449,substring
HUR,,NIL,ZK,684,substring
HUT,,NIL,ZK,449,substring
HVB,,NIL,ZK,684,substring
HVG,,NIL,ZK,449,substring
HVJ,,NIL,ZK,449,substring
HVP,,NIL,ZK,684,substring
HVZ,,NIL,ZK,449,substring
HWJ,,NIL,ZK,449,substring
HWZ,,NIL,ZK,684,substring
HXE,,NIL,ZK,449,substring
HYE,,NIL,ZK,684,substring
HYI,,NIL,ZK,449,substring
HYU,,NIL,ZK,449,substring
HZL,,NIL,ZK,449,substring
HZM,,NIL,ZK,449,substring
HZO,,NIL,ZK,449,substring
IAF,,NIL,ZK,449,substring
IAJ,,NIL,ZK,449,substring
ICC,,NIL,ZK,449,substring
ICS,,NIL,ZK,449,substring
IDC,,NIL,ZK,449,substring
IHA,,NIL,ZK,449,substring
IHN,,NIL,ZK,449,substring
IIB,,NIL,ZK,449,substring
IIW,,NIL,ZK,449,substring
IKO,,NIL,ZK,449,substring
ILH,,NIL,ZK,449,substring
IMP,,NIL,ZK,449,substring
IMS,,NIL,ZK,449,substring
IMZ,,NIL,ZK,449,substring
IOD,,NIL,ZK,449,substring
IRR,,NIL,ZK,449,substring
IZA,,NIL,ZK,449,substring
IZD,,NIL,ZK,449,substring
JAM,,NIL,ZK,291,substring
JAY,,NIL,ZK,146,substring
JBN,,NIL,ZK,329,substring
JDL,,NIL,ZK,753,substring
JFA,,NIL,ZK,733,substring
JFR,,NIL,ZK,89,substring
JJA,,NIL,ZK,567,substring
JLT,,NIL,ZK,787,substring
JMU,,NIL,ZK,745,substring
JOF,,NIL,ZK,571,substring
JPY,,NIL,ZK,401,substring
JQM,,NIL,ZK,387,substring
JQX,,NIL,ZK,286,substring
JQY,,NIL,ZK,523,substring
JST,,NIL,ZK,758,substring
JWN,,NIL,ZK,329,substring
KAC,,NIL,ZK,463,substring
KEN,,NIL,ZK,7,substring
KFC,,NIL,ZK,7,substring
KFX,,NIL,ZK,329,substring
KIT,,NIL,ZK,329,substring
KIV,,NIL,ZK,329,substring
KNZ,,NIL,ZK,329,substring
LAQ,,NIL,ZK,744,substring
LCJ,,NIL,ZK,500,substring
LDD,,NIL,ZK,30,substring
LDI,,NIL,ZK,291,substring
LMG,,NIL,ZK,813,substring
LOM,,NIL,ZK,318,substring
LRV,,NIL,ZK,786,substring
LTB,,NIL,ZK,571,substring
LTC,,NIL,ZK,571,substring
LTE,,NIL,ZK,571,substring
LTH,,NIL,ZK,571,substring
LTJ,,NIL,ZK,571,substring
LTL,,NIL,ZK,571,substring
LTN,,NIL,ZK,571,substring
LTP,,NIL,ZK,571,substring
LTR,,NIL,ZK,571,substring
LTS,,NIL,ZK,571,substring
LTT,,NIL,ZK,571,substring
LTU,,NIL,ZK,571,substring
LTV,,NIL,ZK,571,substring
LTW,,NIL,ZK,571,substring
LTX,,NIL,ZK,571,substring
LTY,,NIL,ZK,571,substring
LTZ,,NIL,ZK,571,substring
LXB,,NIL,ZK,731,substring
MAL,,NIL,ZK,782,substring
MEE,,NIL,ZK,369,substring
MEL,,NIL,ZK,787,substring
MFE,,NIL,ZK,217,substring
MGC,,NIL,ZK,463,substring
MGM,,NIL,ZK,291,substring
MIK,,NIL,ZK,648,substring
MIS,,NIL,ZK,787,substring
MIV,,NIL,ZK,7,substring
MJN,,NIL,ZK,567,substring
MKP,,NIL,ZK,753,substring
MLC,,NIL,ZK,29,substring
MMI,,NIL,ZK,217,substring
MMP,,NIL,ZK,89,substring
MMX,,NIL,ZK,421,substring
MOF,,NIL,ZK,369,substring
MSR,,NIL,ZK,558,substring
MUL,,NIL,ZK,522,substring
MXM,,NIL,ZK,522,substring
NIC,,NIL,ZK,89,substring
NPT,,NIL,ZK,373,substring
NRG,,NIL,ZK,753,substring
NRS,,NIL,ZK,401,substring
NWM,,NIL,ZK,369,substring
NXS,,NIL,ZK,645,substring
OAL,,NIL,ZK,571,substring
OAN,,NIL,ZK,571,substring
OAS,,NIL,ZK,571,substring
OCW,,NIL,ZK,721,substring
ONE,,NIL,ZK,291,substring
OOO,,NIL,ZK,782,substring
OOR,,NIL,ZK,7,substring
ORV,,NIL,ZK,787,substring
OSP,,NIL,ZK,584,substring
OTU,,NIL,ZK,567,substring
PBP,,NIL,ZK,7,substring
PCF,,NIL,ZK,401,substring
PCG,,NIL,ZK,590,substring
PCH,,NIL,ZK,786,substring
PCM,,NIL,ZK,89,substring
PDN,,NIL,ZK,783,substring
PDW,,NIL,ZK,387,substring
PGB,,NIL,ZK,753,substring
PKE,,NIL,ZK,329,substring
PLC,,NIL,ZK,463,substring
PLF,,NIL,ZK,580,substring
PMH,,NIL,ZK,783,substring
POG,,NIL,ZK,369,substring
POM,,NIL,ZK,787,substring
POP,,NIL,ZK,648,substring
PSA,,NIL,ZK,338,substring
PTN,,NIL,ZK,318,substring
PXB,,NIL,ZK,7,substring
PXP,,NIL,ZK,7,substring
RFS,,NIL,ZK,318,substring
RFX,,NIL,ZK,787,substring
RGP,,NIL,ZK,7,substring
RHY,,NIL,ZK,558,substring
RJL,,NIL,ZK,369,substring
RKA,,NIL,ZK,753,substring
RLT,,NIL,ZK,523,substring
ROS,,NIL,ZK,546,substring
RPH,,NIL,ZK,373,substring
RRV,,NIL,ZK,787,substring
RVA,,NIL,ZK,786,substring
RVC,,NIL,ZK,786,substring
RVD,,NIL,ZK,787,substring
RVE,,NIL,ZK,789,substring
RVF,,NIL,ZK,786,substring
RVJ,,NIL,ZK,786,substring
RVW,,NIL,ZK,787,substring
RVY,,NIL,ZK,789,substring
SAX,,NIL,ZK,318,substring
SBV,,NIL,ZK,319,substring
SBZ,,NIL,ZK,369,substring
SCT,,NIL,ZK,146,substring
SDU,,NIL,ZK,329,substring
SGQ,,NIL,ZK,567,substring
SKH,,NIL,ZK,318,substring
SND,,NIL,ZK,553,substring
SNG,,NIL,ZK,553,substring
SNJ,,NIL,ZK,553,substring
SNW,,NIL,ZK,553,substring
SOD,,NIL,ZK,401,substring
SOP,,NIL,ZK,746,substring
SRS,,NIL,ZK,146,substring
STO,,NIL,ZK,734,substring
STU,,NIL,ZK,789,substring
SUZ,,NIL,ZK,571,substring
SWT,,NIL,ZK,787,substring
TAZ,,NIL,ZK,318,substring
TCB,,NIL,ZK,631,substring
TCH,,NIL,ZK,759,substring
TDS,,NIL,ZK,522,substring
TIG,,NIL,ZK,89,substring
TIM,,NIL,ZK,369,substring
TKP,,NIL,ZK,392,substring
TMD,,NIL,ZK,369,substring
TNT,,NIL,ZK,291,substring
TOY,,NIL,ZK,291,substring
TPW,,NIL,ZK,571,substring
TPZ,,NIL,ZK,389,substring
TRV,,NIL,ZK,786,substring
TTX,,NIL,ZK,392,substring
TVI,,NIL,ZK,567,substring
TXN,,NIL,ZK,392,substring
TXS,,NIL,ZK,392,substring
UAE,,NIL,ZK,753,substring
UAS,,NIL,ZK,318,substring
ULT,,NIL,ZK,721,substring
USM,,NIL,ZK,567,substring
UTC,,NIL,ZK,401,substring
VEE,,NIL,ZK,721,substring
VIA,,NIL,ZK,786,substring
VID,,NIL,ZK,89,substring
VII,,NIL,ZK,787,substring
VMC,,NIL,ZK,369,substring
VNS,,NIL,ZK,789,substring
VVS,,NIL,ZK,807,substring
WAR,,NIL,ZK,567,substring
WAT,,NIL,ZK,522,substring
WAZ,,NIL,ZK,734,substring
WCO,,NIL,ZK,783,substring
WFC,,NIL,ZK,733,substring
WHO,,NIL,ZK,783,substring
WMH,,NIL,ZK,401,substring
WOC,,NIL,ZK,721,substring
WRL,,NIL,ZK,733,substring
XHT,,NIL,ZK,631,substring
XRD,,NIL,ZK,783,substring
XRE,,NIL,ZK,430,substring
XSA,,NIL,ZK,567,substring
XUK,,NIL,ZK,318,substring
XYX,,NIL,ZK,29,substring
YGL,,NIL,ZK,291,substring
YKS,,NIL,ZK,340,substring
YOV,,NIL,ZK,807,substring
YYY,,NIL,ZK,807,substring
ZBD,,NIL,ZK,101,substring
ZEB,,NIL,ZK,369,substring
ZLB,,NIL,ZK,217,substring
ZOO,,NIL,ZK,645,substring
ZOW,,NIL,ZK,29,substring