"prefix","country_name","country_id"
"YA","Afghanistan","AFG"
"ZA","Albania","ALB"
"7T","Algeria","DZA"
"C3","Andorra","AND"
"D2","Angola","AGO"
"VP-A","Anguilla","AIA"
"V2","Antigua and Barbuda","ATG"
"LV","Argentina","ARG"
"LQ","Argentina","ARG"
"EK","Armenia","ARM"
"P4","Aruba","ABW"
"VH","Australia","AUS"
"OE","Austria","AUT"
"4K","Azerbaijan","AZE"
"C6","Bahamas","BHS"
"A9C","Bahrain","BHR"
"S2","Bangladesh","BGD"
"8P","Barbados","BRB"
"EW","Belarus","BLR"
"OO","Belgium","BEL"
"V3","Belize","BLZ"
"TY","Benin","BEN"
"VP-B","Bermuda","BMU"
"VQ-B","Bermuda","BMU"
"A5","Bhutan","BTN"
"CP","Bolivia","BOL"
"E7","Bosnia and Herzegovina","BIH"
"A2","Botswana","BWA"
"PP","Brazil","BRA"
"PR","Brazil","BRA"
"PS","Brazil","BRA"
"PT","Brazil","BRA"
"PU","Brazil","BRA"
"VP-LV","British Virgin Islands","VGB"
"V8","Brunei","BRN"
"LZ","Bulgaria","BGR"
"XT","Burkina Faso","BFA"
"9U","Burundi","BDI"
"XU","Cambodia","KHM"
"TJ","Cameroon","CMR"
"C","Canada","CAN"
"CF","Canada","CAN"
"CG","Canada","CAN"
"D4","Cape Verde","CPV"
"VP-C","Cayman Islands","CYM"
"TL","Central African Republic","CAF"
"TT","Chad","TCD"
"CC","Chile","CHL"
"B","China","CHN"
"HK","Colombia","COL"
"D6","Comoros","COM"
"TN","Republic of the Congo","COG"
"9Q","Democratic Republic of the Congo","COD"
"E5","Cook Islands","COK"
"TI","Costa Rica","CRI"
"TU","Côte d'Ivoire","CIV"
"9A","Croatia","HRV"
"CU","Cuba","CUB"
"5B","Cyprus","CYP"
"OK","Czech Republic","CZE"
"OY","Denmark","DNK"
"J2","Djibouti","DJI"
"J7","Dominica","DMA"
"HI","Dominican Republic","DOM"
"HC","Ecuador","ECU"
"SU","Egypt","EGY"
"YS","El Salvador","SLV"
"3C","Equatorial Guinea","GNQ"
"E3","Eritrea","ERI"
"ES","Estonia","EST"
"3D","Eswatini","SWZ"
"ET","Ethiopia","ETH"
"VP-F","Falkland Islands","FLK"
"DQ","Fiji","FJI"
"OH","Finland","FIN"
"F","France","FRA"
"TR","Gabon","GAB"
"C5","Gambia","GMB"
"4L","Georgia","GEO"
"D","Germany","DEU"
"9G","Ghana","GHA"
"VP-G","Gibraltar","GIB"
"SX","Greece","GRC"
"J3","Grenada","GRD"
"TG","Guatemala","GTM"
"3X","Guinea","GIN"
"J5","Guinea-Bissau","GNB"
"8R","Guyana","GUY"
"HH","Haiti","HTI"
"HR","Honduras","HND"
"B-H","Hong Kong","HKG"
"B-K","Hong Kong","HKG"
"B-L","Hong Kong","HKG"
"HA","Hungary","HUN"
"TF","Iceland","ISL"
"VT","India","IND"
"PK","Indonesia","IDN"
"EP","Iran","IRN"
"YI","Iraq","IRQ"
"EI","Ireland","IRL"
"EJ","Ireland","IRL"
"M","Isle of Man","IMN"
"4X","Israel","ISR"
"I","Italy","ITA"
"6Y","Jamaica","JAM"
"JA","Japan","JPN"
"JY","Jordan","JOR"
"UP","Kazakhstan","KAZ"
"5Y","Kenya","KEN"
"T3","Kiribati","KIR"
"P","North Korea","PRK"
"HL","South Korea","KOR"
"9K","Kuwait","KWT"
"EX","Kyrgyzstan","KGZ"
"RDPL","Laos","LAO"
"YL","Latvia","LVA"
"OD","Lebanon","LBN"
"7P","Lesotho","LSO"
"EL","Liberia","LBR"
"5A","Libya","LBY"
"HB-L","Liechtenstein","LIE"
"LY","Lithuania","LTU"
"LX","Luxembourg","LUX"
"B-M","Macau","MAC"
"5R","Madagascar","MDG"
"7Q","Malawi","MWI"
"9M","Malaysia","MYS"
"8Q","Maldives","MDV"
"TZ","Mali","MLI"
"9H","Malta","MLT"
"V7","Marshall Islands","MHL"
"5T","Mauritania","MRT"
"3B","Mauritius","MUS"
"XA","Mexico","MEX"
"XB","Mexico","MEX"
"XC","Mexico","MEX"
"V6","Micronesia","FSM"
"ER","Moldova","MDA"
"3A","Monaco","MCO"
"JU","Mongolia","MNG"
"4O","Montenegro","MNE"
"VP-M","Montserrat","MSR"
"CN","Morocco","MAR"
"C9","Mozambique","MOZ"
"XY","Myanmar","MMR"
"V5","Namibia","NAM"
"C2","Nauru","NRU"
"9N","Nepal","NPL"
"PH","Netherlands","NLD"
"PJ","Curaçao","CUW"
"ZK","New Zealand","NZL"
"ZL","New Zealand","NZL"
"ZM","New Zealand","NZL"
"YN","Nicaragua","NIC"
"5U","Niger","NER"
"5N","Nigeria","NGA"
"Z3","North Macedonia","MKD"
"LN","Norway","NOR"
"A4O","Oman","OMN"
"AP","Pakistan","PAK"
"T8","Palau","PLW"
"HP","Panama","PAN"
"P2","Papua New Guinea","PNG"
"ZP","Paraguay","PRY"
"OB","Peru","PER"
"RP","Philippines","PHL"
"SP","Poland","POL"
"CS","Portugal","PRT"
"CR","Portugal","PRT"
"A7","Qatar","QAT"
"YR","Romania","ROU"
"RA","Russia","RUS"
"9XR","Rwanda","RWA"
"V4","Saint Kitts and Nevis","KNA"
"J6","Saint Lucia","LCA"
"J8","Saint Vincent and the Grenadines","VCT"
"5W","Samoa","WSM"
"T7","San Marino","SMR"
"S9","Sao Tome and Principe","STP"
"HZ","Saudi Arabia","SAU"
"6V","Senegal","SEN"
"6W","Senegal","SEN"
"YU","Serbia","SRB"
"S7","Seychelles","SYC"
"9L","Sierra Leone","SLE"
"9V","Singapore","SGP"
"OM","Slovakia","SVK"
"S5","Slovenia","SVN"
"H4","Solomon Islands","SLB"
"6O","Somalia","SOM"
"ZS","South Africa","ZAF"
"ZT","South Africa","ZAF"
"ZU","South Africa","ZAF"
"Z8","South Sudan","SSD"
"EC","Spain","ESP"
"4R","Sri Lanka","LKA"
"ST","Sudan","SDN"
"PZ","Suriname","SUR"
"SE","Sweden","SWE"
"HB","Switzerland","CHE"
"YK","Syria","SYR"
"EY","Tajikistan","TJK"
"5H","Tanzania","TZA"
"HS","Thailand","THA"
"5V","Togo","TGO"
"A3","Tonga","TON"
"9Y","Trinidad and Tobago","TTO"
"TS","Tunisia","TUN"
"TC","Turkey","TUR"
"EZ","Turkmenistan","TKM"
"VQ-T","Turks and Caicos Islands","TCA"
"T2","Tuvalu","TUV"
"5X","Uganda","UGA"
"UR","Ukraine","UKR"
"A6","United Arab Emirates","ARE"
"G","United Kingdom","GBR"
"N","United States","USA"
"CX","Uruguay","URY"
"UK","Uzbekistan","UZB"
"YJ","Vanuatu","VUT"
"HV","Vatican City","VAT"
"YV","Venezuela","VEN"
"VN","Vietnam","VNM"
"7O","Yemen","YEM"
"9J","Zambia","ZMB"
"Z","Zimbabwe","ZWE"